model,mode,L,winning share (of 16),problems,acc of winner %
Qwen3-1.7B,think,8000,≤25%,1,0.0
Qwen3-1.7B,think,8000,25–50%,9,44.4
Qwen3-1.7B,think,8000,50–75%,19,78.9
Qwen3-1.7B,think,8000,75–<100%,28,92.9
Qwen3-1.7B,think,8000,100%,158,100.0
Qwen3-1.7B,think,4000,≤25%,2,0.0
Qwen3-1.7B,think,4000,25–50%,16,40.6
Qwen3-1.7B,think,4000,50–75%,18,50.0
Qwen3-1.7B,think,4000,75–<100%,38,94.7
Qwen3-1.7B,think,4000,100%,141,99.3
Qwen3-1.7B,think,2000,≤25%,4,0.0
Qwen3-1.7B,think,2000,25–50%,23,15.2
Qwen3-1.7B,think,2000,50–75%,19,63.2
Qwen3-1.7B,think,2000,75–<100%,61,91.8
Qwen3-1.7B,think,2000,100%,108,95.4
Qwen3-1.7B,think,1000,≤25%,5,6.7
Qwen3-1.7B,think,1000,25–50%,24,14.6
Qwen3-1.7B,think,1000,50–75%,33,54.5
Qwen3-1.7B,think,1000,75–<100%,49,69.4
Qwen3-1.7B,think,1000,100%,104,96.2
Qwen3-1.7B,think,500,≤25%,4,0.0
Qwen3-1.7B,think,500,25–50%,38,18.4
Qwen3-1.7B,think,500,50–75%,43,30.2
Qwen3-1.7B,think,500,75–<100%,56,48.2
Qwen3-1.7B,think,500,100%,74,85.1
Qwen3-1.7B,nothink,8000,≤25%,11,27.3
Qwen3-1.7B,nothink,8000,25–50%,27,42.6
Qwen3-1.7B,nothink,8000,50–75%,19,78.9
Qwen3-1.7B,nothink,8000,75–<100%,49,87.8
Qwen3-1.7B,nothink,8000,100%,109,100.0
Qwen3-1.7B,nothink,4000,≤25%,11,27.3
Qwen3-1.7B,nothink,4000,25–50%,27,42.6
Qwen3-1.7B,nothink,4000,50–75%,19,78.9
Qwen3-1.7B,nothink,4000,75–<100%,49,87.8
Qwen3-1.7B,nothink,4000,100%,109,100.0
Qwen3-1.7B,nothink,2000,≤25%,14,14.3
Qwen3-1.7B,nothink,2000,25–50%,25,42.0
Qwen3-1.7B,nothink,2000,50–75%,18,77.8
Qwen3-1.7B,nothink,2000,75–<100%,49,87.8
Qwen3-1.7B,nothink,2000,100%,109,100.0
Qwen3-1.7B,nothink,1000,≤25%,10,10.0
Qwen3-1.7B,nothink,1000,25–50%,32,39.1
Qwen3-1.7B,nothink,1000,50–75%,24,58.3
Qwen3-1.7B,nothink,1000,75–<100%,45,86.7
Qwen3-1.7B,nothink,1000,100%,104,100.0
Qwen3-1.7B,nothink,500,≤25%,15,1.1
Qwen3-1.7B,nothink,500,25–50%,38,17.1
Qwen3-1.7B,nothink,500,50–75%,41,41.5
Qwen3-1.7B,nothink,500,75–<100%,38,84.2
Qwen3-1.7B,nothink,500,100%,83,98.8
Qwen3-4B,think,8000,≤25%,0,
Qwen3-4B,think,8000,25–50%,3,33.3
Qwen3-4B,think,8000,50–75%,13,46.2
Qwen3-4B,think,8000,75–<100%,13,100.0
Qwen3-4B,think,8000,100%,186,100.0
Qwen3-4B,think,4000,≤25%,0,
Qwen3-4B,think,4000,25–50%,9,55.6
Qwen3-4B,think,4000,50–75%,16,56.2
Qwen3-4B,think,4000,75–<100%,22,81.8
Qwen3-4B,think,4000,100%,168,99.4
Qwen3-4B,think,2000,≤25%,4,25.0
Qwen3-4B,think,2000,25–50%,15,13.3
Qwen3-4B,think,2000,50–75%,16,56.2
Qwen3-4B,think,2000,75–<100%,42,88.1
Qwen3-4B,think,2000,100%,138,97.1
Qwen3-4B,think,1000,≤25%,3,0.0
Qwen3-4B,think,1000,25–50%,26,25.0
Qwen3-4B,think,1000,50–75%,40,52.5
Qwen3-4B,think,1000,75–<100%,36,63.9
Qwen3-4B,think,1000,100%,110,96.4
Qwen3-4B,think,500,≤25%,6,8.3
Qwen3-4B,think,500,25–50%,30,13.9
Qwen3-4B,think,500,50–75%,44,36.4
Qwen3-4B,think,500,75–<100%,40,47.5
Qwen3-4B,think,500,100%,95,78.9
Qwen3-4B,nothink,8000,≤25%,4,41.7
Qwen3-4B,nothink,8000,25–50%,15,50.0
Qwen3-4B,nothink,8000,50–75%,19,84.2
Qwen3-4B,nothink,8000,75–<100%,25,96.0
Qwen3-4B,nothink,8000,100%,152,98.7
Qwen3-4B,nothink,4000,≤25%,4,41.7
Qwen3-4B,nothink,4000,25–50%,14,46.4
Qwen3-4B,nothink,4000,50–75%,21,81.0
Qwen3-4B,nothink,4000,75–<100%,24,95.8
Qwen3-4B,nothink,4000,100%,152,98.7
Qwen3-4B,nothink,2000,≤25%,3,17.8
Qwen3-4B,nothink,2000,25–50%,23,50.0
Qwen3-4B,nothink,2000,50–75%,16,81.2
Qwen3-4B,nothink,2000,75–<100%,23,95.7
Qwen3-4B,nothink,2000,100%,150,98.7
Qwen3-4B,nothink,1000,≤25%,5,30.0
Qwen3-4B,nothink,1000,25–50%,19,34.2
Qwen3-4B,nothink,1000,50–75%,21,76.2
Qwen3-4B,nothink,1000,75–<100%,27,81.5
Qwen3-4B,nothink,1000,100%,143,97.9
Qwen3-4B,nothink,500,≤25%,13,7.7
Qwen3-4B,nothink,500,25–50%,33,22.7
Qwen3-4B,nothink,500,50–75%,32,50.0
Qwen3-4B,nothink,500,75–<100%,23,69.6
Qwen3-4B,nothink,500,100%,114,96.5
