hypothesis,mode,claim,estimate pp,lo,hi,verdict,detail
H1,think,width beats one 8K trace at Qwen3-1.7B (best width shape − 1×8K),-4.7,-6.3,-3.1,REFUTED,best width shape 2×4K; overall best 1×8K
H1',think,same contrast at Qwen3-4B,-4.3,-6.2,-2.6,descriptive,best width shape 2×4K; overall best 1×8K
H2,think,capacity moves the optimum toward depth: width advantage 1.7B − 4B,-0.4,-1.9,1.2,INCONCLUSIVE,E[log2 N*] 0.00 (1.7B) vs 0.00 (4B); P(4B optimum deeper) = 0.00
H3,think,"selection gap (pass − maj, mean over 4 width shapes) larger at 1.7B",0.5,-1.3,2.4,INCONCLUSIVE,gap 7.5 pp (1.7B) vs 7.1 pp (4B)
H4,think,"more thinking self-corrects more at 4B: net (fix − break) per still-thinking sample, 4B − 1.7B",0.7,-0.7,1.9,INCONCLUSIVE,net 13.5 (1.7B) vs 14.2 (4B) per 100 still-thinking samples
H5 (exploratory),think,harder problems shift Qwen3-1.7B toward depth: width advantage easy − hard,8.1,4.5,12.0,SUPPORTED,"best easy 1×8K, best hard 1×8K"
H5 (exploratory),think,harder problems shift Qwen3-4B toward depth: width advantage easy − hard,8.8,4.7,13.4,SUPPORTED,"best easy 1×8K, best hard 1×8K"
H1,nothink,width beats one 8K trace at Qwen3-1.7B (best width shape − 1×8K),2.4,1.4,3.5,SUPPORTED,best width shape 4×2K; overall best 4×2K
H1',nothink,same contrast at Qwen3-4B,1.3,-0.1,2.6,descriptive,best width shape 4×2K; overall best 4×2K
H2,nothink,capacity moves the optimum toward depth: width advantage 1.7B − 4B,1.1,-0.3,2.5,INCONCLUSIVE,E[log2 N*] 2.02 (1.7B) vs 1.91 (4B); P(4B optimum deeper) = 0.06
H3,nothink,"selection gap (pass − maj, mean over 4 width shapes) larger at 1.7B",3.2,1.2,5.3,SUPPORTED,gap 9.7 pp (1.7B) vs 6.6 pp (4B)
H4,nothink,"more thinking self-corrects more at 4B: net (fix − break) per still-thinking sample, 4B − 1.7B",5.6,1.6,9.3,SUPPORTED,net 23.3 (1.7B) vs 28.9 (4B) per 100 still-thinking samples
H5 (exploratory),nothink,harder problems shift Qwen3-1.7B toward depth: width advantage easy − hard,-0.8,-3.3,1.7,INCONCLUSIVE,"best easy 8×1K, best hard 4×2K"
H5 (exploratory),nothink,harder problems shift Qwen3-4B toward depth: width advantage easy − hard,0.6,-2.8,3.2,INCONCLUSIVE,"best easy 8×1K, best hard 4×2K"
