model,mode,difficulty,budget B,one long,votes,N,acc one long %,acc votes %,votes − one long,votes − one long lo,votes − one long hi,p,winner,tokens one long,tokens votes,solved: only one long,solved: both,solved: only votes,solved: neither,McNemar p
Qwen3-1.7B,think,easy,8000,1×8K,2×4K,2,96.7,95.4,-1.3,-2.5,-0.4,0.0,one long wins,2735,4815,1,83,0,2,1.0
Qwen3-1.7B,think,easy,8000,1×8K,4×2K,4,96.7,92.7,-4.1,-7.4,-1.2,0.001,one long wins,2735,7152,4,80,0,2,0.125
Qwen3-1.7B,think,easy,8000,1×8K,8×1K,8,96.7,91.1,-5.6,-10.0,-1.8,0.001,one long wins,2735,8070,5,79,0,2,0.0625
Qwen3-1.7B,think,easy,8000,1×8K,16×500,16,96.7,75.0,-21.7,-30.1,-13.7,0.0,one long wins,2735,8157,20,64,0,2,0.0
Qwen3-1.7B,think,easy,4000,1×4K,2×2K,2,95.4,90.7,-4.7,-7.3,-2.5,0.0,one long wins,2407,3576,3,80,0,3,0.25
Qwen3-1.7B,think,easy,4000,1×4K,4×1K,4,95.4,90.5,-5.0,-8.6,-1.8,0.0,one long wins,2407,4035,4,79,0,3,0.125
Qwen3-1.7B,think,easy,4000,1×4K,8×500,8,95.4,74.9,-20.5,-28.4,-13.0,0.0,one long wins,2407,4079,19,64,0,3,0.0
Qwen3-1.7B,think,easy,2000,1×2K,2×1K,2,90.7,87.9,-2.8,-5.0,-0.8,0.007,one long wins,1788,2018,2,78,0,6,0.5
Qwen3-1.7B,think,easy,2000,1×2K,4×500,4,90.7,74.2,-16.5,-23.7,-9.5,0.0,one long wins,1788,2039,16,64,0,6,0.0
Qwen3-1.7B,think,easy,1000,1×1K,2×500,2,87.9,72.2,-15.7,-21.5,-10.2,0.0,one long wins,1009,1020,15,63,0,8,0.0001
Qwen3-1.7B,think,medium,8000,1×8K,2×4K,2,92.3,90.3,-2.0,-4.7,0.0,0.072,no clear winner,3789,5816,2,39,0,2,0.5
Qwen3-1.7B,think,medium,8000,1×8K,4×2K,4,92.3,86.0,-6.3,-12.5,-1.2,0.008,one long wins,3789,7700,4,37,0,2,0.125
Qwen3-1.7B,think,medium,8000,1×8K,8×1K,8,92.3,77.0,-15.3,-25.0,-6.8,0.0,one long wins,3789,8103,8,33,0,2,0.0078
Qwen3-1.7B,think,medium,8000,1×8K,16×500,16,92.3,59.3,-33.0,-45.6,-20.9,0.0,one long wins,3789,8226,16,25,0,2,0.0
Qwen3-1.7B,think,medium,4000,1×4K,2×2K,2,90.3,82.3,-8.0,-13.7,-3.8,0.0,one long wins,2908,3850,2,37,0,4,0.5
Qwen3-1.7B,think,medium,4000,1×4K,4×1K,4,90.3,77.1,-13.1,-22.1,-5.4,0.0,one long wins,2908,4052,6,33,0,4,0.0312
Qwen3-1.7B,think,medium,4000,1×4K,8×500,8,90.3,58.5,-31.8,-44.3,-20.2,0.0,one long wins,2908,4113,14,25,0,4,0.0001
Qwen3-1.7B,think,medium,2000,1×2K,2×1K,2,82.3,74.9,-7.4,-14.1,-2.0,0.006,one long wins,1925,2026,4,33,0,6,0.125
Qwen3-1.7B,think,medium,2000,1×2K,4×500,4,82.3,57.0,-25.2,-36.6,-15.5,0.0,one long wins,1925,2056,13,24,0,6,0.0002
Qwen3-1.7B,think,medium,1000,1×1K,2×500,2,74.9,54.9,-19.9,-29.4,-11.5,0.0,one long wins,1013,1028,10,23,0,10,0.002
Qwen3-1.7B,think,hard,8000,1×8K,2×4K,2,82.8,73.4,-9.4,-13.1,-6.0,0.0,one long wins,5243,7038,12,62,1,11,0.0034
Qwen3-1.7B,think,hard,8000,1×8K,4×2K,4,82.8,64.7,-18.2,-25.3,-11.5,0.0,one long wins,5243,7983,20,54,1,11,0.0
Qwen3-1.7B,think,hard,8000,1×8K,8×1K,8,82.8,51.6,-31.3,-39.7,-23.2,0.0,one long wins,5243,8129,32,42,1,11,0.0
Qwen3-1.7B,think,hard,8000,1×8K,16×500,16,82.8,23.3,-59.6,-68.7,-49.9,0.0,one long wins,5243,8266,55,19,1,11,0.0
Qwen3-1.7B,think,hard,4000,1×4K,2×2K,2,73.4,60.6,-12.8,-17.7,-8.2,0.0,one long wins,3519,3991,10,53,1,22,0.0117
Qwen3-1.7B,think,hard,4000,1×4K,4×1K,4,73.4,50.3,-23.1,-30.1,-16.5,0.0,one long wins,3519,4065,21,42,1,22,0.0
Qwen3-1.7B,think,hard,4000,1×4K,8×500,8,73.4,22.9,-50.5,-59.6,-41.4,0.0,one long wins,3519,4133,43,20,0,23,0.0
Qwen3-1.7B,think,hard,2000,1×2K,2×1K,2,60.6,46.9,-13.7,-19.0,-8.9,0.0,one long wins,1996,2032,14,40,1,31,0.001
Qwen3-1.7B,think,hard,2000,1×2K,4×500,4,60.6,22.3,-38.3,-47.4,-29.3,0.0,one long wins,1996,2066,34,20,0,32,0.0
Qwen3-1.7B,think,hard,1000,1×1K,2×500,2,46.9,20.9,-26.0,-33.5,-18.9,0.0,one long wins,1016,1033,24,17,0,45,0.0
Qwen3-1.7B,think,all,8000,1×8K,2×4K,2,90.3,85.6,-4.7,-6.3,-3.1,0.0,one long wins,3949,5904,15,184,1,15,0.0005
Qwen3-1.7B,think,all,8000,1×8K,4×2K,4,90.3,80.1,-10.2,-13.6,-7.0,0.0,one long wins,3949,7594,28,171,1,15,0.0
Qwen3-1.7B,think,all,8000,1×8K,8×1K,8,90.3,72.5,-17.8,-21.9,-13.6,0.0,one long wins,3949,8100,45,154,1,15,0.0
Qwen3-1.7B,think,all,8000,1×8K,16×500,16,90.3,51.2,-39.1,-44.6,-33.3,0.0,one long wins,3949,8214,91,108,1,15,0.0
Qwen3-1.7B,think,all,4000,1×4K,2×2K,2,85.6,77.0,-8.6,-11.1,-6.3,0.0,one long wins,2952,3797,15,170,1,29,0.0005
Qwen3-1.7B,think,all,4000,1×4K,4×1K,4,85.6,71.7,-13.9,-17.5,-10.4,0.0,one long wins,2952,4050,31,154,1,29,0.0
Qwen3-1.7B,think,all,4000,1×4K,8×500,8,85.6,50.8,-34.8,-40.1,-29.2,0.0,one long wins,2952,4107,76,109,0,30,0.0
Qwen3-1.7B,think,all,2000,1×2K,2×1K,2,77.0,68.9,-8.1,-10.7,-5.6,0.0,one long wins,1898,2025,20,151,1,43,0.0
Qwen3-1.7B,think,all,2000,1×2K,4×500,4,77.0,50.0,-27.0,-32.2,-22.0,0.0,one long wins,1898,2054,63,108,0,44,0.0
Qwen3-1.7B,think,all,1000,1×1K,2×500,2,68.9,48.2,-20.7,-25.0,-16.6,0.0,one long wins,1013,1027,49,103,0,63,0.0
Qwen3-1.7B,nothink,easy,8000,1×8K,2×4K,2,89.4,89.4,0.0,0.0,0.0,1.0,no clear winner,403,807,0,77,0,9,1.0
Qwen3-1.7B,nothink,easy,8000,1×8K,4×2K,4,89.4,90.8,1.4,0.3,2.5,0.014,votes win,403,1613,0,77,1,8,1.0
Qwen3-1.7B,nothink,easy,8000,1×8K,8×1K,8,89.4,91.0,1.6,0.0,3.2,0.048,votes win,403,3108,0,77,0,9,1.0
Qwen3-1.7B,nothink,easy,8000,1×8K,16×500,16,89.4,85.5,-3.9,-9.3,0.7,0.117,no clear winner,403,5392,5,72,1,8,0.2188
Qwen3-1.7B,nothink,easy,4000,1×4K,2×2K,2,89.4,89.4,0.0,0.0,0.0,1.0,no clear winner,403,806,0,77,0,9,1.0
Qwen3-1.7B,nothink,easy,4000,1×4K,4×1K,4,89.4,90.5,1.2,0.1,2.2,0.028,votes win,403,1554,0,77,0,9,1.0
Qwen3-1.7B,nothink,easy,4000,1×4K,8×500,8,89.4,86.1,-3.3,-8.3,1.0,0.146,no clear winner,403,2696,5,72,1,8,0.2188
Qwen3-1.7B,nothink,easy,2000,1×2K,2×1K,2,89.4,88.8,-0.6,-1.4,0.1,0.103,no clear winner,403,777,1,76,0,9,1.0
Qwen3-1.7B,nothink,easy,2000,1×2K,4×500,4,89.4,85.6,-3.8,-8.5,0.2,0.062,no clear winner,403,1348,5,72,1,8,0.2188
Qwen3-1.7B,nothink,easy,1000,1×1K,2×500,2,88.7,83.6,-5.2,-9.2,-1.7,0.004,one long wins,389,674,4,72,1,9,0.375
Qwen3-1.7B,nothink,medium,8000,1×8K,2×4K,2,81.1,81.4,0.3,0.0,0.9,0.732,no clear winner,736,1403,0,36,0,7,1.0
Qwen3-1.7B,nothink,medium,8000,1×8K,4×2K,4,81.1,85.6,4.5,2.3,6.9,0.0,votes win,736,2500,0,36,1,6,1.0
Qwen3-1.7B,nothink,medium,8000,1×8K,8×1K,8,81.1,82.1,1.0,-4.0,5.8,0.668,no clear winner,736,4198,1,35,0,7,1.0
Qwen3-1.7B,nothink,medium,8000,1×8K,16×500,16,81.1,65.1,-16.0,-27.0,-5.8,0.002,one long wins,736,6360,8,28,0,7,0.0078
Qwen3-1.7B,nothink,medium,4000,1×4K,2×2K,2,81.4,81.0,-0.4,-1.5,0.3,0.495,no clear winner,702,1250,0,36,0,7,1.0
Qwen3-1.7B,nothink,medium,4000,1×4K,4×1K,4,81.4,80.2,-1.2,-6.1,3.2,0.649,no clear winner,702,2099,2,34,0,7,0.5
Qwen3-1.7B,nothink,medium,4000,1×4K,8×500,8,81.4,65.6,-15.8,-25.7,-7.0,0.0,one long wins,702,3180,8,28,0,7,0.0078
Qwen3-1.7B,nothink,medium,2000,1×2K,2×1K,2,81.0,76.3,-4.6,-9.3,-0.9,0.006,one long wins,625,1049,2,34,0,7,0.5
Qwen3-1.7B,nothink,medium,2000,1×2K,4×500,4,81.0,65.1,-15.9,-25.0,-8.0,0.0,one long wins,625,1590,8,28,0,7,0.0078
Qwen3-1.7B,nothink,medium,1000,1×1K,2×500,2,76.3,62.5,-13.8,-20.3,-8.1,0.0,one long wins,525,795,8,26,0,9,0.0078
Qwen3-1.7B,nothink,hard,8000,1×8K,2×4K,2,63.8,63.8,0.0,0.0,0.0,1.0,no clear winner,1126,2091,0,54,0,32,1.0
Qwen3-1.7B,nothink,hard,8000,1×8K,4×2K,4,63.8,66.2,2.4,0.4,4.3,0.015,votes win,1126,3689,1,53,3,29,0.625
Qwen3-1.7B,nothink,hard,8000,1×8K,8×1K,8,63.8,62.5,-1.3,-6.4,3.6,0.622,no clear winner,1126,5735,4,50,6,26,0.7539
Qwen3-1.7B,nothink,hard,8000,1×8K,16×500,16,63.8,42.1,-21.8,-30.6,-13.0,0.0,one long wins,1126,7596,20,34,2,30,0.0001
Qwen3-1.7B,nothink,hard,4000,1×4K,2×2K,2,63.8,62.5,-1.3,-2.6,-0.2,0.024,one long wins,1046,1845,1,53,0,32,1.0
Qwen3-1.7B,nothink,hard,4000,1×4K,4×1K,4,63.8,60.5,-3.3,-7.8,0.6,0.107,no clear winner,1046,2867,4,50,4,28,1.0
Qwen3-1.7B,nothink,hard,4000,1×4K,8×500,8,63.8,41.9,-21.9,-30.3,-14.1,0.0,one long wins,1046,3798,20,34,2,30,0.0001
Qwen3-1.7B,nothink,hard,2000,1×2K,2×1K,2,62.5,56.9,-5.6,-9.2,-2.5,0.0,one long wins,922,1434,6,47,0,33,0.0312
Qwen3-1.7B,nothink,hard,2000,1×2K,4×500,4,62.5,39.8,-22.7,-30.6,-15.3,0.0,one long wins,922,1899,20,33,2,31,0.0001
Qwen3-1.7B,nothink,hard,1000,1×1K,2×500,2,56.9,36.2,-20.8,-27.5,-14.3,0.0,one long wins,717,950,16,31,1,38,0.0003
Qwen3-1.7B,nothink,all,8000,1×8K,2×4K,2,77.5,77.6,0.1,0.0,0.2,0.732,no clear winner,759,1440,0,167,0,48,1.0
Qwen3-1.7B,nothink,all,8000,1×8K,4×2K,4,77.5,79.9,2.4,1.4,3.5,0.0,votes win,759,2621,1,166,5,43,0.2188
Qwen3-1.7B,nothink,all,8000,1×8K,8×1K,8,77.5,77.8,0.3,-2.1,2.6,0.748,no clear winner,759,4377,5,162,6,42,1.0
Qwen3-1.7B,nothink,all,8000,1×8K,16×500,16,77.5,64.0,-13.5,-18.0,-9.0,0.0,one long wins,759,6467,33,134,3,45,0.0
Qwen3-1.7B,nothink,all,4000,1×4K,2×2K,2,77.6,76.9,-0.6,-1.2,-0.1,0.017,one long wins,720,1310,1,166,0,48,1.0
Qwen3-1.7B,nothink,all,4000,1×4K,4×1K,4,77.6,76.5,-1.1,-3.0,0.9,0.264,no clear winner,720,2188,6,161,4,44,0.7539
Qwen3-1.7B,nothink,all,4000,1×4K,8×500,8,77.6,64.3,-13.3,-17.3,-9.1,0.0,one long wins,720,3233,33,134,3,45,0.0
Qwen3-1.7B,nothink,all,2000,1×2K,2×1K,2,76.9,73.6,-3.4,-5.1,-1.8,0.0,one long wins,655,1094,9,157,0,49,0.0039
Qwen3-1.7B,nothink,all,2000,1×2K,4×500,4,76.9,63.2,-13.8,-17.6,-9.9,0.0,one long wins,655,1617,33,133,3,46,0.0
Qwen3-1.7B,nothink,all,1000,1×1K,2×500,2,73.5,60.4,-13.1,-16.4,-10.0,0.0,one long wins,547,808,28,129,2,56,0.0
Qwen3-4B,think,easy,8000,1×8K,2×4K,2,97.9,97.1,-0.8,-1.7,-0.1,0.009,one long wins,2666,4910,1,83,0,2,1.0
Qwen3-4B,think,easy,8000,1×8K,4×2K,4,97.9,95.3,-2.6,-5.6,-0.4,0.015,one long wins,2666,7298,3,81,0,2,0.25
Qwen3-4B,think,easy,8000,1×8K,8×1K,8,97.9,89.0,-8.8,-14.5,-4.0,0.0,one long wins,2666,8111,7,77,0,2,0.0156
Qwen3-4B,think,easy,8000,1×8K,16×500,16,97.9,76.6,-21.3,-29.5,-13.4,0.0,one long wins,2666,8238,19,65,0,2,0.0
Qwen3-4B,think,easy,4000,1×4K,2×2K,2,97.1,94.0,-3.1,-5.5,-1.1,0.0,one long wins,2455,3649,2,81,0,3,0.5
Qwen3-4B,think,easy,4000,1×4K,4×1K,4,97.1,88.1,-9.0,-14.5,-4.5,0.0,one long wins,2455,4055,6,77,0,3,0.0312
Qwen3-4B,think,easy,4000,1×4K,8×500,8,97.1,75.8,-21.3,-29.4,-13.6,0.0,one long wins,2455,4119,18,65,0,3,0.0
Qwen3-4B,think,easy,2000,1×2K,2×1K,2,94.0,86.0,-8.1,-12.2,-4.5,0.0,one long wins,1824,2028,5,76,0,5,0.0625
Qwen3-4B,think,easy,2000,1×2K,4×500,4,94.0,74.4,-19.6,-26.8,-12.6,0.0,one long wins,1824,2060,16,65,0,5,0.0
Qwen3-4B,think,easy,1000,1×1K,2×500,2,86.0,72.3,-13.7,-19.4,-8.3,0.0,one long wins,1014,1030,13,63,1,9,0.0018
Qwen3-4B,think,medium,8000,1×8K,2×4K,2,96.4,95.6,-0.7,-3.3,1.2,0.611,no clear winner,3658,5834,0,41,1,1,1.0
Qwen3-4B,think,medium,8000,1×8K,4×2K,4,96.4,91.2,-5.1,-12.4,0.7,0.093,no clear winner,3658,7676,3,38,1,1,0.625
Qwen3-4B,think,medium,8000,1×8K,8×1K,8,96.4,83.2,-13.2,-23.8,-3.5,0.004,one long wins,3658,8129,5,36,1,1,0.2188
Qwen3-4B,think,medium,8000,1×8K,16×500,16,96.4,62.4,-34.0,-48.4,-19.3,0.0,one long wins,3658,8276,16,25,1,1,0.0003
Qwen3-4B,think,medium,4000,1×4K,2×2K,2,95.6,89.0,-6.7,-12.2,-2.0,0.0,one long wins,2917,3838,3,39,0,1,0.25
Qwen3-4B,think,medium,4000,1×4K,4×1K,4,95.6,82.2,-13.5,-23.0,-5.1,0.0,one long wins,2917,4064,5,37,0,1,0.0625
Qwen3-4B,think,medium,4000,1×4K,8×500,8,95.6,59.4,-36.3,-50.4,-22.8,0.0,one long wins,2917,4138,16,26,0,1,0.0
Qwen3-4B,think,medium,2000,1×2K,2×1K,2,89.0,79.9,-9.0,-15.6,-3.6,0.0,one long wins,1919,2032,4,35,0,4,0.125
Qwen3-4B,think,medium,2000,1×2K,4×500,4,89.0,57.3,-31.7,-43.5,-20.2,0.0,one long wins,1919,2069,13,26,0,4,0.0002
Qwen3-4B,think,medium,1000,1×1K,2×500,2,79.9,55.5,-24.4,-33.1,-15.8,0.0,one long wins,1016,1034,11,24,0,8,0.001
Qwen3-4B,think,hard,8000,1×8K,2×4K,2,90.8,81.2,-9.6,-14.2,-5.4,0.0,one long wins,5079,7051,11,69,0,6,0.001
Qwen3-4B,think,hard,8000,1×8K,4×2K,4,90.8,70.3,-20.5,-28.9,-12.1,0.0,one long wins,5079,7997,20,60,1,5,0.0
Qwen3-4B,think,hard,8000,1×8K,8×1K,8,90.8,50.1,-40.6,-49.8,-30.9,0.0,one long wins,5079,8151,39,41,1,5,0.0
Qwen3-4B,think,hard,8000,1×8K,16×500,16,90.8,25.6,-65.2,-74.9,-54.8,0.0,one long wins,5079,8317,59,21,1,5,0.0
Qwen3-4B,think,hard,4000,1×4K,2×2K,2,81.2,67.7,-13.5,-18.8,-8.0,0.0,one long wins,3525,3999,11,58,2,15,0.0225
Qwen3-4B,think,hard,4000,1×4K,4×1K,4,81.2,49.0,-32.2,-39.9,-24.5,0.0,one long wins,3525,4075,29,40,1,16,0.0
Qwen3-4B,think,hard,4000,1×4K,8×500,8,81.2,25.7,-55.5,-65.0,-46.2,0.0,one long wins,3525,4159,48,21,1,16,0.0
Qwen3-4B,think,hard,2000,1×2K,2×1K,2,67.7,46.4,-21.3,-27.9,-15.1,0.0,one long wins,1999,2038,21,39,0,26,0.0
Qwen3-4B,think,hard,2000,1×2K,4×500,4,67.7,26.0,-41.7,-51.1,-32.2,0.0,one long wins,1999,2079,38,22,0,26,0.0
Qwen3-4B,think,hard,1000,1×1K,2×500,2,46.4,26.0,-20.3,-27.3,-14.4,0.0,one long wins,1019,1040,17,22,0,47,0.0
Qwen3-4B,think,all,8000,1×8K,2×4K,2,94.7,90.4,-4.3,-6.2,-2.6,0.0,one long wins,3830,5951,12,193,1,9,0.0034
Qwen3-4B,think,all,8000,1×8K,4×2K,4,94.7,84.5,-10.3,-13.9,-6.5,0.0,one long wins,3830,7653,26,179,2,8,0.0
Qwen3-4B,think,all,8000,1×8K,8×1K,8,94.7,72.3,-22.4,-27.2,-17.8,0.0,one long wins,3830,8130,51,154,2,8,0.0
Qwen3-4B,think,all,8000,1×8K,16×500,16,94.7,53.3,-41.4,-47.6,-35.2,0.0,one long wins,3830,8277,94,111,2,8,0.0
Qwen3-4B,think,all,4000,1×4K,2×2K,2,90.4,82.5,-8.0,-10.5,-5.5,0.0,one long wins,2975,3827,16,178,2,19,0.0013
Qwen3-4B,think,all,4000,1×4K,4×1K,4,90.4,71.3,-19.2,-23.2,-15.3,0.0,one long wins,2975,4065,40,154,1,20,0.0
Qwen3-4B,think,all,4000,1×4K,8×500,8,90.4,52.4,-38.0,-44.1,-32.3,0.0,one long wins,2975,4139,82,112,1,20,0.0
Qwen3-4B,think,all,2000,1×2K,2×1K,2,82.5,68.9,-13.5,-16.9,-10.4,0.0,one long wins,1913,2033,30,150,0,35,0.0
Qwen3-4B,think,all,2000,1×2K,4×500,4,82.5,51.6,-30.8,-36.4,-25.4,0.0,one long wins,1913,2069,67,113,0,35,0.0
Qwen3-4B,think,all,1000,1×1K,2×500,2,68.9,50.4,-18.5,-22.4,-14.7,0.0,one long wins,1016,1035,41,109,1,64,0.0
Qwen3-4B,nothink,easy,8000,1×8K,2×4K,2,94.6,94.6,0.0,0.0,0.0,1.0,no clear winner,420,835,0,80,0,6,1.0
Qwen3-4B,nothink,easy,8000,1×8K,4×2K,4,94.6,95.8,1.1,0.4,2.0,0.0,votes win,420,1653,0,80,1,5,1.0
Qwen3-4B,nothink,easy,8000,1×8K,8×1K,8,94.6,96.1,1.5,0.0,3.3,0.044,votes win,420,3195,0,80,2,4,0.5
Qwen3-4B,nothink,easy,8000,1×8K,16×500,16,94.6,90.7,-3.9,-9.2,0.8,0.118,no clear winner,420,5573,4,76,2,4,0.6875
Qwen3-4B,nothink,easy,4000,1×4K,2×2K,2,94.6,94.6,0.0,0.0,0.0,1.0,no clear winner,417,826,0,80,0,6,1.0
Qwen3-4B,nothink,easy,4000,1×4K,4×1K,4,94.6,95.6,0.9,0.2,1.9,0.022,votes win,417,1597,0,80,1,5,1.0
Qwen3-4B,nothink,easy,4000,1×4K,8×500,8,94.6,90.4,-4.2,-8.6,-0.1,0.037,one long wins,417,2786,4,76,2,4,0.6875
Qwen3-4B,nothink,easy,2000,1×2K,2×1K,2,94.6,94.3,-0.4,-0.9,0.1,0.135,no clear winner,413,799,0,80,0,6,1.0
Qwen3-4B,nothink,easy,2000,1×2K,4×500,4,94.6,89.1,-5.5,-9.9,-1.8,0.005,one long wins,413,1393,5,75,2,4,0.4531
Qwen3-4B,nothink,easy,1000,1×1K,2×500,2,94.3,87.3,-7.0,-11.3,-3.4,0.0,one long wins,399,697,7,73,2,4,0.1797
Qwen3-4B,nothink,medium,8000,1×8K,2×4K,2,94.8,94.8,0.0,0.0,0.0,1.0,no clear winner,648,1257,0,42,0,1,1.0
Qwen3-4B,nothink,medium,8000,1×8K,4×2K,4,94.8,97.2,2.4,1.0,4.0,0.0,votes win,648,2386,0,42,0,1,1.0
Qwen3-4B,nothink,medium,8000,1×8K,8×1K,8,94.8,92.1,-2.7,-9.5,2.5,0.361,no clear winner,648,4206,3,39,0,1,0.25
Qwen3-4B,nothink,medium,8000,1×8K,16×500,16,94.8,79.1,-15.7,-28.2,-5.1,0.001,one long wins,648,6437,8,34,0,1,0.0078
Qwen3-4B,nothink,medium,4000,1×4K,2×2K,2,94.8,94.5,-0.3,-0.7,0.0,0.238,no clear winner,629,1193,0,42,0,1,1.0
Qwen3-4B,nothink,medium,4000,1×4K,4×1K,4,94.8,91.3,-3.4,-9.9,1.5,0.212,no clear winner,629,2103,3,39,0,1,0.25
Qwen3-4B,nothink,medium,4000,1×4K,8×500,8,94.8,77.5,-17.3,-29.3,-6.8,0.0,one long wins,629,3218,9,33,0,1,0.0039
Qwen3-4B,nothink,medium,2000,1×2K,2×1K,2,94.5,88.7,-5.8,-12.2,-1.2,0.008,one long wins,596,1051,3,39,0,1,0.25
Qwen3-4B,nothink,medium,2000,1×2K,4×500,4,94.5,76.5,-18.0,-29.5,-8.0,0.0,one long wins,596,1609,9,33,0,1,0.0039
Qwen3-4B,nothink,medium,1000,1×1K,2×500,2,88.7,73.3,-15.4,-23.9,-7.7,0.0,one long wins,526,805,7,32,0,4,0.0156
Qwen3-4B,nothink,hard,8000,1×8K,2×4K,2,76.7,76.4,-0.3,-0.7,0.0,0.087,no clear winner,1159,2147,0,68,0,18,1.0
Qwen3-4B,nothink,hard,8000,1×8K,4×2K,4,76.7,77.5,0.8,-2.8,4.0,0.601,no clear winner,1159,3830,4,64,5,13,1.0
Qwen3-4B,nothink,hard,8000,1×8K,8×1K,8,76.7,72.5,-4.1,-10.5,1.8,0.185,no clear winner,1159,5931,9,59,4,14,0.2668
Qwen3-4B,nothink,hard,8000,1×8K,16×500,16,76.7,44.8,-31.9,-41.3,-22.7,0.0,one long wins,1159,7714,32,36,2,16,0.0
Qwen3-4B,nothink,hard,4000,1×4K,2×2K,2,76.4,72.7,-3.6,-6.6,-1.0,0.002,one long wins,1074,1915,7,61,0,18,0.0156
Qwen3-4B,nothink,hard,4000,1×4K,4×1K,4,76.4,69.5,-6.9,-12.5,-1.6,0.006,one long wins,1074,2966,9,59,2,16,0.0654
Qwen3-4B,nothink,hard,4000,1×4K,8×500,8,76.4,45.1,-31.3,-40.3,-22.5,0.0,one long wins,1074,3857,32,36,2,16,0.0
Qwen3-4B,nothink,hard,2000,1×2K,2×1K,2,72.7,65.3,-7.5,-11.2,-4.1,0.0,one long wins,958,1483,3,58,1,24,0.625
Qwen3-4B,nothink,hard,2000,1×2K,4×500,4,72.7,43.6,-29.1,-37.4,-21.3,0.0,one long wins,958,1928,25,36,2,23,0.0
Qwen3-4B,nothink,hard,1000,1×1K,2×500,2,65.3,41.0,-24.2,-31.8,-17.1,0.0,one long wins,741,964,25,34,1,26,0.0
Qwen3-4B,nothink,all,8000,1×8K,2×4K,2,87.5,87.4,-0.1,-0.3,0.0,0.087,no clear winner,761,1444,0,190,0,25,1.0
Qwen3-4B,nothink,all,8000,1×8K,4×2K,4,87.5,88.7,1.3,-0.2,2.6,0.09,no clear winner,761,2670,4,186,6,19,0.7539
Qwen3-4B,nothink,all,8000,1×8K,8×1K,8,87.5,85.9,-1.6,-4.5,1.1,0.251,no clear winner,761,4492,12,178,6,19,0.2379
Qwen3-4B,nothink,all,8000,1×8K,16×500,16,87.5,70.0,-17.5,-22.3,-12.7,0.0,one long wins,761,6602,44,146,4,21,0.0
Qwen3-4B,nothink,all,4000,1×4K,2×2K,2,87.4,85.8,-1.5,-2.7,-0.5,0.001,one long wins,722,1335,7,183,0,25,0.0156
Qwen3-4B,nothink,all,4000,1×4K,4×1K,4,87.4,84.3,-3.1,-5.7,-0.7,0.007,one long wins,722,2246,12,178,3,22,0.0352
Qwen3-4B,nothink,all,4000,1×4K,8×500,8,87.4,69.7,-17.6,-22.2,-13.2,0.0,one long wins,722,3301,45,145,4,21,0.0
Qwen3-4B,nothink,all,2000,1×2K,2×1K,2,85.8,81.6,-4.3,-6.1,-2.6,0.0,one long wins,668,1123,6,177,1,31,0.125
Qwen3-4B,nothink,all,2000,1×2K,4×500,4,85.8,68.4,-17.5,-21.8,-13.4,0.0,one long wins,668,1650,39,144,4,28,0.0
Qwen3-4B,nothink,all,1000,1×1K,2×500,2,81.5,66.0,-15.6,-19.2,-12.0,0.0,one long wins,561,825,39,139,3,34,0.0
