model,mode,difficulty,cap per answer,8K split,right %,"wrong, finished %","wrong, ran out %"
Qwen3-1.7B,think,easy,8000,1×8K,96.7,1.5,1.8
Qwen3-1.7B,think,easy,4000,2×4K,95.4,0.2,4.4
Qwen3-1.7B,think,easy,2000,4×2K,90.7,0.0,9.3
Qwen3-1.7B,think,easy,1000,8×1K,87.9,0.0,12.1
Qwen3-1.7B,think,easy,500,16×500,72.2,0.0,27.8
Qwen3-1.7B,think,medium,8000,1×8K,92.3,2.9,4.8
Qwen3-1.7B,think,medium,4000,2×4K,90.3,1.7,8.0
Qwen3-1.7B,think,medium,2000,4×2K,82.3,0.4,17.3
Qwen3-1.7B,think,medium,1000,8×1K,74.9,0.0,25.1
Qwen3-1.7B,think,medium,500,16×500,54.9,0.0,45.1
Qwen3-1.7B,think,hard,8000,1×8K,82.8,2.1,15.0
Qwen3-1.7B,think,hard,4000,2×4K,73.4,0.2,26.4
Qwen3-1.7B,think,hard,2000,4×2K,60.6,0.0,39.4
Qwen3-1.7B,think,hard,1000,8×1K,46.9,0.0,53.1
Qwen3-1.7B,think,hard,500,16×500,20.9,0.0,79.1
Qwen3-1.7B,think,all,8000,1×8K,90.3,2.0,7.7
Qwen3-1.7B,think,all,4000,2×4K,85.6,0.5,13.9
Qwen3-1.7B,think,all,2000,4×2K,77.0,0.1,22.9
Qwen3-1.7B,think,all,1000,8×1K,68.9,0.0,31.1
Qwen3-1.7B,think,all,500,16×500,48.2,0.0,51.8
Qwen3-1.7B,nothink,easy,8000,1×8K,89.4,10.6,0.0
Qwen3-1.7B,nothink,easy,4000,2×4K,89.4,10.6,0.0
Qwen3-1.7B,nothink,easy,2000,4×2K,89.4,10.5,0.1
Qwen3-1.7B,nothink,easy,1000,8×1K,88.7,8.6,2.7
Qwen3-1.7B,nothink,easy,500,16×500,83.6,4.6,11.8
Qwen3-1.7B,nothink,medium,8000,1×8K,81.1,18.8,0.1
Qwen3-1.7B,nothink,medium,4000,2×4K,81.4,17.2,1.5
Qwen3-1.7B,nothink,medium,2000,4×2K,81.0,14.8,4.2
Qwen3-1.7B,nothink,medium,1000,8×1K,76.3,10.6,13.1
Qwen3-1.7B,nothink,medium,500,16×500,62.5,6.5,31.0
Qwen3-1.7B,nothink,hard,8000,1×8K,63.8,34.7,1.5
Qwen3-1.7B,nothink,hard,4000,2×4K,63.8,33.1,3.1
Qwen3-1.7B,nothink,hard,2000,4×2K,62.5,26.1,11.4
Qwen3-1.7B,nothink,hard,1000,8×1K,56.9,13.0,30.1
Qwen3-1.7B,nothink,hard,500,16×500,36.1,2.3,61.6
Qwen3-1.7B,nothink,all,8000,1×8K,77.5,21.9,0.6
Qwen3-1.7B,nothink,all,4000,2×4K,77.6,20.9,1.5
Qwen3-1.7B,nothink,all,2000,4×2K,76.9,17.6,5.5
Qwen3-1.7B,nothink,all,1000,8×1K,73.5,10.8,15.7
Qwen3-1.7B,nothink,all,500,16×500,60.4,4.1,35.6
Qwen3-4B,think,easy,8000,1×8K,97.9,1.6,0.5
Qwen3-4B,think,easy,4000,2×4K,97.1,0.6,2.3
Qwen3-4B,think,easy,2000,4×2K,94.0,0.0,6.0
Qwen3-4B,think,easy,1000,8×1K,86.0,0.0,14.0
Qwen3-4B,think,easy,500,16×500,72.3,0.0,27.7
Qwen3-4B,think,medium,8000,1×8K,96.4,2.2,1.5
Qwen3-4B,think,medium,4000,2×4K,95.6,0.0,4.4
Qwen3-4B,think,medium,2000,4×2K,89.0,0.0,11.0
Qwen3-4B,think,medium,1000,8×1K,79.9,0.0,20.1
Qwen3-4B,think,medium,500,16×500,55.5,0.0,44.5
Qwen3-4B,think,hard,8000,1×8K,90.8,0.3,8.9
Qwen3-4B,think,hard,4000,2×4K,81.2,0.1,18.8
Qwen3-4B,think,hard,2000,4×2K,67.7,0.0,32.3
Qwen3-4B,think,hard,1000,8×1K,46.4,0.0,53.6
Qwen3-4B,think,hard,500,16×500,26.0,0.0,74.0
Qwen3-4B,think,all,8000,1×8K,94.7,1.2,4.1
Qwen3-4B,think,all,4000,2×4K,90.4,0.3,9.3
Qwen3-4B,think,all,2000,4×2K,82.5,0.0,17.5
Qwen3-4B,think,all,1000,8×1K,68.9,0.0,31.1
Qwen3-4B,think,all,500,16×500,50.4,0.0,49.6
Qwen3-4B,nothink,easy,8000,1×8K,94.6,5.3,0.1
Qwen3-4B,nothink,easy,4000,2×4K,94.6,5.3,0.1
Qwen3-4B,nothink,easy,2000,4×2K,94.6,4.9,0.4
Qwen3-4B,nothink,easy,1000,8×1K,94.3,4.2,1.5
Qwen3-4B,nothink,easy,500,16×500,87.3,2.2,10.5
Qwen3-4B,nothink,medium,8000,1×8K,94.8,5.2,0.0
Qwen3-4B,nothink,medium,4000,2×4K,94.8,5.1,0.1
Qwen3-4B,nothink,medium,2000,4×2K,94.5,4.9,0.6
Qwen3-4B,nothink,medium,1000,8×1K,88.7,3.8,7.6
Qwen3-4B,nothink,medium,500,16×500,73.3,2.6,24.1
Qwen3-4B,nothink,hard,8000,1×8K,76.7,21.7,1.6
Qwen3-4B,nothink,hard,4000,2×4K,76.4,21.4,2.2
Qwen3-4B,nothink,hard,2000,4×2K,72.7,15.9,11.3
Qwen3-4B,nothink,hard,1000,8×1K,65.3,6.5,28.3
Qwen3-4B,nothink,hard,500,16×500,41.0,1.8,57.2
Qwen3-4B,nothink,all,8000,1×8K,87.5,11.9,0.7
Qwen3-4B,nothink,all,4000,2×4K,87.4,11.7,0.9
Qwen3-4B,nothink,all,2000,4×2K,85.8,9.3,4.8
Qwen3-4B,nothink,all,1000,8×1K,81.5,5.0,13.4
Qwen3-4B,nothink,all,500,16×500,66.0,2.1,31.9
