model,mode,difficulty,shape,N,L,maj@N,maj@N lo,maj@N hi,pass@N,pass@N lo,pass@N hi,gap,gap lo,gap hi,Δ vs 1×8K,Δ vs 1×8K lo,Δ vs 1×8K hi,p vs 1×8K,tokens measured,tokens cap,% of 8K used,trunc %,no-answer %
Qwen3-1.7B,think,easy,1×8K,1,8000,96.7,93.2,99.3,96.7,93.2,99.3,0.0,0.0,0.0,0.0,0.0,0.0,,2735,8000,34.2,3.3,0.0
Qwen3-1.7B,think,easy,2×4K,2,4000,95.4,91.4,98.5,96.9,93.3,99.8,1.5,0.7,2.4,-1.3,-2.5,-0.4,0.0,4815,8000,60.2,15.8,0.0
Qwen3-1.7B,think,easy,4×2K,4,2000,92.7,87.5,97.0,95.2,91.0,98.8,2.6,0.8,4.7,-4.1,-7.4,-1.2,0.001,7152,8000,89.4,56.5,0.0
Qwen3-1.7B,think,easy,8×1K,8,1000,91.1,85.4,96.2,94.0,89.3,98.6,2.9,0.4,6.0,-5.6,-10.0,-1.8,0.001,8070,8000,100.9,97.3,0.0
Qwen3-1.7B,think,easy,16×500,16,500,75.0,66.3,83.7,89.5,82.6,95.3,14.5,7.6,22.1,-21.7,-30.1,-13.7,0.0,8157,8000,102.0,100.0,0.0
Qwen3-1.7B,think,medium,1×8K,1,8000,92.3,86.2,97.1,92.3,86.2,97.1,0.0,0.0,0.0,0.0,0.0,0.0,,3789,8000,47.4,16.7,0.0
Qwen3-1.7B,think,medium,2×4K,2,4000,90.3,83.0,96.5,93.6,87.2,98.9,3.4,1.7,5.1,-2.0,-4.7,0.0,0.072,5816,8000,72.7,30.8,0.0
Qwen3-1.7B,think,medium,4×2K,4,2000,86.0,76.2,94.3,90.4,81.5,97.3,4.4,1.3,8.0,-6.3,-12.5,-1.2,0.008,7700,8000,96.2,77.5,0.0
Qwen3-1.7B,think,medium,8×1K,8,1000,77.0,65.3,88.5,84.2,73.2,93.6,7.2,1.8,15.2,-15.3,-25.0,-6.8,0.0,8103,8000,101.3,99.7,0.0
Qwen3-1.7B,think,medium,16×500,16,500,59.3,45.3,73.3,79.1,67.4,90.7,19.8,9.3,31.4,-33.0,-45.6,-20.9,0.0,8226,8000,102.8,100.0,0.0
Qwen3-1.7B,think,hard,1×8K,1,8000,82.8,76.6,88.4,82.8,76.6,88.4,0.0,0.0,0.0,0.0,0.0,0.0,,5243,8000,65.5,30.0,0.0
Qwen3-1.7B,think,hard,2×4K,2,4000,73.4,66.1,80.5,81.3,74.6,87.6,7.9,5.9,10.0,-9.4,-13.1,-6.0,0.0,7038,8000,88.0,62.2,0.0
Qwen3-1.7B,think,hard,4×2K,4,2000,64.7,55.1,74.2,70.6,61.4,79.7,6.0,3.4,8.8,-18.2,-25.3,-11.5,0.0,7983,8000,99.8,94.3,0.0
Qwen3-1.7B,think,hard,8×1K,8,1000,51.6,42.2,61.3,63.9,54.5,72.8,12.3,7.6,17.6,-31.3,-39.7,-23.2,0.0,8129,8000,101.6,100.0,0.0
Qwen3-1.7B,think,hard,16×500,16,500,23.3,15.1,32.6,33.7,24.4,44.2,10.5,4.7,17.4,-59.6,-68.7,-49.9,0.0,8266,8000,103.3,100.0,0.0
Qwen3-1.7B,think,all,1×8K,1,8000,90.3,87.2,93.1,90.3,87.2,93.1,0.0,0.0,0.0,0.0,0.0,0.0,,3949,8000,49.4,16.7,0.0
Qwen3-1.7B,think,all,2×4K,2,4000,85.6,82.0,89.0,90.0,86.6,93.1,4.4,3.4,5.4,-4.7,-6.3,-3.1,0.0,5904,8000,73.8,37.4,0.0
Qwen3-1.7B,think,all,4×2K,4,2000,80.1,75.4,84.7,84.4,80.2,88.5,4.3,2.9,5.9,-10.2,-13.6,-7.0,0.0,7594,8000,94.9,75.8,0.0
Qwen3-1.7B,think,all,8×1K,8,1000,72.5,67.3,77.5,80.0,75.2,84.5,7.5,5.0,10.4,-17.8,-21.9,-13.6,0.0,8100,8000,101.3,98.9,0.0
Qwen3-1.7B,think,all,16×500,16,500,51.2,45.6,57.0,65.1,59.5,70.2,14.0,9.8,18.6,-39.1,-44.6,-33.3,0.0,8214,8000,102.7,100.0,0.0
Qwen3-1.7B,nothink,easy,1×8K,1,8000,89.4,84.1,94.1,89.4,84.1,94.1,0.0,0.0,0.0,0.0,0.0,0.0,,403,8000,5.0,0.0,0.0
Qwen3-1.7B,nothink,easy,2×4K,2,4000,89.4,84.1,94.1,93.2,88.6,97.0,3.8,2.3,5.4,0.0,0.0,0.0,1.0,807,8000,10.1,0.0,0.0
Qwen3-1.7B,nothink,easy,4×2K,4,2000,90.8,85.0,95.6,95.7,92.2,98.5,4.9,2.4,8.1,1.4,0.3,2.5,0.014,1613,8000,20.2,0.1,0.0
Qwen3-1.7B,nothink,easy,8×1K,8,1000,91.0,84.8,95.9,97.6,94.8,99.6,6.6,2.8,11.8,1.6,0.0,3.2,0.048,3108,8000,38.9,4.9,0.1
Qwen3-1.7B,nothink,easy,16×500,16,500,85.5,77.9,91.9,93.0,87.2,97.7,7.6,2.3,13.4,-3.9,-9.3,0.7,0.117,5392,8000,67.4,21.7,0.0
Qwen3-1.7B,nothink,medium,1×8K,1,8000,81.1,72.5,89.0,81.1,72.5,89.0,0.0,0.0,0.0,0.0,0.0,0.0,,736,8000,9.2,0.1,0.0
Qwen3-1.7B,nothink,medium,2×4K,2,4000,81.4,73.1,89.1,90.0,83.7,95.7,8.6,5.8,11.6,0.3,0.0,0.9,0.732,1403,8000,17.5,2.0,0.0
Qwen3-1.7B,nothink,medium,4×2K,4,2000,85.6,77.0,93.5,94.9,90.8,98.5,9.3,4.6,14.5,4.5,2.3,6.9,0.0,2500,8000,31.2,6.4,0.0
Qwen3-1.7B,nothink,medium,8×1K,8,1000,82.1,71.8,91.4,93.8,87.4,99.2,11.7,4.9,19.8,1.0,-4.0,5.8,0.668,4198,8000,52.5,18.3,0.1
Qwen3-1.7B,nothink,medium,16×500,16,500,65.1,51.2,79.1,88.4,79.1,95.3,23.3,11.6,37.2,-16.0,-27.0,-5.8,0.002,6360,8000,79.5,44.8,0.0
Qwen3-1.7B,nothink,hard,1×8K,1,8000,63.8,55.9,71.9,63.8,55.9,71.9,0.0,0.0,0.0,0.0,0.0,0.0,,1126,8000,14.1,1.5,0.1
Qwen3-1.7B,nothink,hard,2×4K,2,4000,63.8,55.9,71.9,72.7,64.8,80.3,8.9,7.0,11.0,0.0,0.0,0.0,1.0,2091,8000,26.1,3.1,0.0
Qwen3-1.7B,nothink,hard,4×2K,4,2000,66.2,57.8,74.9,77.9,70.4,85.2,11.7,8.5,15.2,2.4,0.4,4.3,0.015,3689,8000,46.1,12.4,0.1
Qwen3-1.7B,nothink,hard,8×1K,8,1000,62.5,53.5,72.2,75.0,66.4,83.7,12.5,7.3,18.2,-1.3,-6.4,3.6,0.622,5735,8000,71.7,33.3,0.1
Qwen3-1.7B,nothink,hard,16×500,16,500,42.1,32.6,52.3,57.0,46.5,67.4,14.9,7.9,23.1,-21.8,-30.6,-13.0,0.0,7596,8000,95.0,72.1,0.4
Qwen3-1.7B,nothink,all,1×8K,1,8000,77.5,73.4,81.8,77.5,73.4,81.8,0.0,0.0,0.0,0.0,0.0,0.0,,759,8000,9.5,0.6,0.0
Qwen3-1.7B,nothink,all,2×4K,2,4000,77.6,73.4,81.8,84.3,80.5,88.2,6.8,5.6,8.0,0.1,0.0,0.2,0.732,1440,8000,18.0,1.7,0.0
Qwen3-1.7B,nothink,all,4×2K,4,2000,79.9,75.5,84.3,88.4,85.0,91.7,8.5,6.5,10.6,2.4,1.4,3.5,0.0,2621,8000,32.8,6.3,0.0
Qwen3-1.7B,nothink,all,8×1K,8,1000,77.8,72.9,82.8,87.8,83.9,91.8,10.0,7.1,13.4,0.3,-2.1,2.6,0.748,4377,8000,54.7,19.0,0.1
Qwen3-1.7B,nothink,all,16×500,16,500,64.0,58.1,69.8,77.7,72.6,82.3,13.6,9.5,18.3,-13.5,-18.0,-9.0,0.0,6467,8000,80.8,46.5,0.1
Qwen3-4B,think,easy,1×8K,1,8000,97.9,95.3,100.0,97.9,95.3,100.0,0.0,0.0,0.0,0.0,0.0,0.0,,2666,8000,33.3,1.7,0.0
Qwen3-4B,think,easy,2×4K,2,4000,97.1,93.6,99.8,97.9,95.0,100.0,0.8,0.1,1.6,-0.8,-1.7,-0.1,0.009,4910,8000,61.4,15.1,0.0
Qwen3-4B,think,easy,4×2K,4,2000,95.3,91.1,98.7,97.1,93.6,99.9,1.8,0.2,3.9,-2.6,-5.6,-0.4,0.015,7298,8000,91.2,59.7,0.0
Qwen3-4B,think,easy,8×1K,8,1000,89.0,82.5,94.8,93.0,87.7,97.6,3.9,1.2,7.2,-8.8,-14.5,-4.0,0.0,8111,8000,101.4,99.3,0.0
Qwen3-4B,think,easy,16×500,16,500,76.6,68.2,85.3,88.4,81.4,94.2,11.8,5.8,18.4,-21.3,-29.5,-13.4,0.0,8238,8000,103.0,100.0,0.0
Qwen3-4B,think,medium,1×8K,1,8000,96.4,90.7,100.0,96.4,90.7,100.0,0.0,0.0,0.0,0.0,0.0,0.0,,3658,8000,45.7,9.6,0.0
Qwen3-4B,think,medium,2×4K,2,4000,95.6,90.0,99.6,97.4,92.7,100.0,1.7,0.3,3.6,-0.7,-3.3,1.2,0.611,5834,8000,72.9,31.0,0.0
Qwen3-4B,think,medium,4×2K,4,2000,91.2,83.3,97.5,94.1,86.8,99.7,2.9,0.5,6.0,-5.1,-12.4,0.7,0.093,7676,8000,95.9,76.2,0.0
Qwen3-4B,think,medium,8×1K,8,1000,83.2,72.2,92.5,90.1,80.8,97.6,6.9,1.9,13.4,-13.2,-23.8,-3.5,0.004,8129,8000,101.6,99.9,0.0
Qwen3-4B,think,medium,16×500,16,500,62.4,48.1,76.4,76.7,65.1,88.4,14.3,5.0,25.2,-34.0,-48.4,-19.3,0.0,8276,8000,103.4,100.0,0.0
Qwen3-4B,think,hard,1×8K,1,8000,90.8,85.4,95.3,90.8,85.4,95.3,0.0,0.0,0.0,0.0,0.0,0.0,,5079,8000,63.5,24.6,0.0
Qwen3-4B,think,hard,2×4K,2,4000,81.2,74.4,87.5,87.5,81.5,92.9,6.3,4.2,8.4,-9.6,-14.2,-5.4,0.0,7051,8000,88.1,60.0,0.0
Qwen3-4B,think,hard,4×2K,4,2000,70.3,61.3,79.3,76.0,67.5,84.3,5.6,3.1,8.5,-20.5,-28.9,-12.1,0.0,7997,8000,100.0,94.6,0.0
Qwen3-4B,think,hard,8×1K,8,1000,50.1,41.0,59.9,63.6,53.9,73.2,13.5,8.2,19.1,-40.6,-49.8,-30.9,0.0,8151,8000,101.9,99.9,0.0
Qwen3-4B,think,hard,16×500,16,500,25.6,16.3,34.9,39.5,30.2,50.0,14.0,7.0,22.1,-65.2,-74.9,-54.8,0.0,8317,8000,104.0,100.0,0.0
Qwen3-4B,think,all,1×8K,1,8000,94.7,92.1,97.0,94.7,92.1,97.0,0.0,0.0,0.0,0.0,0.0,0.0,,3830,8000,47.9,12.5,0.0
Qwen3-4B,think,all,2×4K,2,4000,90.4,87.2,93.3,93.6,90.8,96.2,3.2,2.3,4.1,-4.3,-6.2,-2.6,0.0,5951,8000,74.4,36.2,0.0
Qwen3-4B,think,all,4×2K,4,2000,84.5,80.3,88.5,88.0,84.2,91.7,3.6,2.2,5.2,-10.3,-13.9,-6.5,0.0,7653,8000,95.7,76.9,0.0
Qwen3-4B,think,all,8×1K,8,1000,72.3,67.3,77.2,80.7,75.9,85.2,8.3,5.7,11.1,-22.4,-27.2,-17.8,0.0,8130,8000,101.6,99.7,0.0
Qwen3-4B,think,all,16×500,16,500,53.3,47.4,59.1,66.5,60.9,71.6,13.2,9.1,17.7,-41.4,-47.6,-35.2,0.0,8277,8000,103.5,100.0,0.0
Qwen3-4B,nothink,easy,1×8K,1,8000,94.6,90.9,97.6,94.6,90.9,97.6,0.0,0.0,0.0,0.0,0.0,0.0,,420,8000,5.3,0.1,0.0
Qwen3-4B,nothink,easy,2×4K,2,4000,94.6,90.9,97.6,97.3,95.1,99.1,2.7,1.4,4.3,0.0,0.0,0.0,1.0,835,8000,10.4,0.1,0.0
Qwen3-4B,nothink,easy,4×2K,4,2000,95.8,92.3,98.5,99.2,98.5,99.8,3.5,1.2,6.3,1.1,0.4,2.0,0.0,1653,8000,20.7,0.5,0.0
Qwen3-4B,nothink,easy,8×1K,8,1000,96.1,92.5,99.0,99.9,99.8,100.0,3.8,1.0,7.4,1.5,0.0,3.3,0.044,3195,8000,39.9,4.0,0.0
Qwen3-4B,nothink,easy,16×500,16,500,90.7,84.9,96.5,97.7,94.2,100.0,7.0,2.3,12.8,-3.9,-9.2,0.8,0.118,5573,8000,69.7,23.6,0.0
Qwen3-4B,nothink,medium,1×8K,1,8000,94.8,89.2,98.4,94.8,89.2,98.4,0.0,0.0,0.0,0.0,0.0,0.0,,648,8000,8.1,0.3,0.0
Qwen3-4B,nothink,medium,2×4K,2,4000,94.8,89.2,98.4,97.3,92.5,99.9,2.6,1.0,4.3,0.0,0.0,0.0,1.0,1257,8000,15.7,1.2,0.0
Qwen3-4B,nothink,medium,4×2K,4,2000,97.2,92.0,99.9,97.7,93.0,100.0,0.5,0.0,1.3,2.4,1.0,4.0,0.0,2386,8000,29.8,2.8,0.0
Qwen3-4B,nothink,medium,8×1K,8,1000,92.1,84.0,98.3,95.1,88.1,100.0,3.1,0.0,7.6,-2.7,-9.5,2.5,0.361,4206,8000,52.6,16.4,0.0
Qwen3-4B,nothink,medium,16×500,16,500,79.1,67.4,90.7,88.4,79.1,97.7,9.3,2.3,18.6,-15.7,-28.2,-5.1,0.001,6437,8000,80.5,42.4,0.1
Qwen3-4B,nothink,hard,1×8K,1,8000,76.7,69.9,83.3,76.7,69.9,83.3,0.0,0.0,0.0,0.0,0.0,0.0,,1159,8000,14.5,2.0,0.0
Qwen3-4B,nothink,hard,2×4K,2,4000,76.4,69.4,83.1,84.4,78.1,90.2,8.0,5.9,10.1,-0.3,-0.7,0.0,0.087,2147,8000,26.8,2.5,0.0
Qwen3-4B,nothink,hard,4×2K,4,2000,77.5,70.0,84.8,86.6,79.9,92.5,9.1,6.0,12.3,0.8,-2.8,4.0,0.601,3830,8000,47.9,13.2,0.0
Qwen3-4B,nothink,hard,8×1K,8,1000,72.5,63.6,81.4,78.3,69.8,86.6,5.7,2.5,9.7,-4.1,-10.5,1.8,0.185,5931,8000,74.1,35.5,0.1
Qwen3-4B,nothink,hard,16×500,16,500,44.8,34.9,54.7,62.8,52.3,73.3,18.0,10.5,26.2,-31.9,-41.3,-22.7,0.0,7714,8000,96.4,75.3,0.1
Qwen3-4B,nothink,all,1×8K,1,8000,87.5,84.2,90.4,87.5,84.2,90.4,0.0,0.0,0.0,0.0,0.0,0.0,,761,8000,9.5,0.9,0.0
Qwen3-4B,nothink,all,2×4K,2,4000,87.4,84.1,90.3,92.2,89.3,94.7,4.8,3.7,6.0,-0.1,-0.3,0.0,0.087,1444,8000,18.1,1.3,0.0
Qwen3-4B,nothink,all,4×2K,4,2000,88.7,85.3,91.9,93.9,91.0,96.3,5.1,3.5,6.8,1.3,-0.2,2.6,0.09,2670,8000,33.4,6.0,0.0
Qwen3-4B,nothink,all,8×1K,8,1000,85.9,81.8,89.8,90.3,86.6,93.8,4.4,2.5,6.7,-1.6,-4.5,1.1,0.251,4492,8000,56.1,19.1,0.0
Qwen3-4B,nothink,all,16×500,16,500,70.0,64.7,75.1,81.9,77.2,86.5,11.9,7.9,16.0,-17.5,-22.3,-12.7,0.0,6602,8000,82.5,48.1,0.1
