model,mode,difficulty,1×8K,2×4K,4×2K,8×1K,16×500
Qwen3-1.7B,nothink,all,"77.5 [73, 82]","77.6 [73, 82]","79.9 [76, 84]","77.8 [73, 83]","64.0 [58, 70]"
Qwen3-1.7B,nothink,easy,"89.4 [84, 94]","89.4 [84, 94]","90.8 [85, 96]","91.0 [85, 96]","85.5 [78, 92]"
Qwen3-1.7B,nothink,hard,"63.8 [56, 72]","63.8 [56, 72]","66.2 [58, 75]","62.5 [54, 72]","42.1 [33, 52]"
Qwen3-1.7B,nothink,medium,"81.1 [72, 89]","81.4 [73, 89]","85.6 [77, 94]","82.1 [72, 91]","65.1 [51, 79]"
Qwen3-1.7B,think,all,"90.3 [87, 93]","85.6 [82, 89]","80.1 [75, 85]","72.5 [67, 78]","51.2 [46, 57]"
Qwen3-1.7B,think,easy,"96.7 [93, 99]","95.4 [91, 98]","92.7 [88, 97]","91.1 [85, 96]","75.0 [66, 84]"
Qwen3-1.7B,think,hard,"82.8 [77, 88]","73.4 [66, 80]","64.7 [55, 74]","51.6 [42, 61]","23.3 [15, 33]"
Qwen3-1.7B,think,medium,"92.3 [86, 97]","90.3 [83, 96]","86.0 [76, 94]","77.0 [65, 88]","59.3 [45, 73]"
Qwen3-4B,nothink,all,"87.5 [84, 90]","87.4 [84, 90]","88.7 [85, 92]","85.9 [82, 90]","70.0 [65, 75]"
Qwen3-4B,nothink,easy,"94.6 [91, 98]","94.6 [91, 98]","95.8 [92, 98]","96.1 [92, 99]","90.7 [85, 96]"
Qwen3-4B,nothink,hard,"76.7 [70, 83]","76.4 [69, 83]","77.5 [70, 85]","72.5 [64, 81]","44.8 [35, 55]"
Qwen3-4B,nothink,medium,"94.8 [89, 98]","94.8 [89, 98]","97.2 [92, 100]","92.1 [84, 98]","79.1 [67, 91]"
Qwen3-4B,think,all,"94.7 [92, 97]","90.4 [87, 93]","84.5 [80, 88]","72.3 [67, 77]","53.3 [47, 59]"
Qwen3-4B,think,easy,"97.9 [95, 100]","97.1 [94, 100]","95.3 [91, 99]","89.0 [82, 95]","76.6 [68, 85]"
Qwen3-4B,think,hard,"90.8 [85, 95]","81.2 [74, 88]","70.3 [61, 79]","50.1 [41, 60]","25.6 [16, 35]"
Qwen3-4B,think,medium,"96.4 [91, 100]","95.6 [90, 100]","91.2 [83, 98]","83.2 [72, 92]","62.4 [48, 76]"
