model,mode,difficulty,config,N,L,on diagonal,maj@N,maj@N lo,maj@N hi,pass@N,gap,tokens measured,tokens cap,trunc %
Qwen3-1.7B,think,easy,1×8K,1,8000,True,96.7,93.2,99.3,96.7,0.0,2735,8000,3.3
Qwen3-1.7B,think,easy,1×4K,1,4000,False,95.4,91.4,98.5,95.4,0.0,2407,4000,15.8
Qwen3-1.7B,think,easy,1×2K,1,2000,False,90.7,85.6,95.0,90.7,0.0,1788,2000,56.5
Qwen3-1.7B,think,easy,1×1K,1,1000,False,87.9,82.3,93.0,87.9,0.0,1009,1000,97.3
Qwen3-1.7B,think,easy,1×500,1,500,False,72.2,64.3,79.7,72.2,0.0,510,500,100.0
Qwen3-1.7B,think,easy,2×8K,2,8000,False,96.7,93.2,99.3,97.8,1.1,5469,16000,3.3
Qwen3-1.7B,think,easy,2×4K,2,4000,True,95.4,91.4,98.5,96.9,1.5,4815,8000,15.8
Qwen3-1.7B,think,easy,2×2K,2,2000,False,90.7,85.6,95.0,93.8,3.1,3576,4000,56.5
Qwen3-1.7B,think,easy,2×1K,2,1000,False,87.9,82.3,93.0,91.7,3.8,2018,2000,97.3
Qwen3-1.7B,think,easy,2×500,2,500,False,72.2,64.3,79.7,78.4,6.2,1020,1000,100.0
Qwen3-1.7B,think,easy,4×8K,4,8000,False,97.2,93.6,99.8,98.4,1.2,10938,32000,3.3
Qwen3-1.7B,think,easy,4×4K,4,4000,False,96.3,92.3,99.6,97.5,1.2,9629,16000,15.8
Qwen3-1.7B,think,easy,4×2K,4,2000,True,92.7,87.5,97.0,95.2,2.6,7152,8000,56.5
Qwen3-1.7B,think,easy,4×1K,4,1000,False,90.5,84.9,95.4,93.3,2.9,4035,4000,97.3
Qwen3-1.7B,think,easy,4×500,4,500,False,74.2,66.1,82.2,82.8,8.6,2039,2000,100.0
Qwen3-1.7B,think,easy,8×8K,8,8000,False,97.4,93.8,99.9,98.7,1.3,21876,64000,3.3
Qwen3-1.7B,think,easy,8×4K,8,4000,False,96.5,92.0,99.9,98.1,1.7,19259,32000,15.8
Qwen3-1.7B,think,easy,8×2K,8,2000,False,93.0,87.9,97.4,96.2,3.2,14304,16000,56.5
Qwen3-1.7B,think,easy,8×1K,8,1000,True,91.1,85.4,96.2,94.0,2.9,8070,8000,97.3
Qwen3-1.7B,think,easy,8×500,8,500,False,74.9,66.3,83.1,86.4,11.5,4079,4000,100.0
Qwen3-1.7B,think,easy,16×8K,16,8000,False,97.7,94.2,100.0,98.8,1.2,43752,128000,3.3
Qwen3-1.7B,think,easy,16×4K,16,4000,False,96.5,91.9,100.0,98.8,2.3,38517,64000,15.8
Qwen3-1.7B,think,easy,16×2K,16,2000,False,93.0,87.2,97.7,96.5,3.5,28609,32000,56.5
Qwen3-1.7B,think,easy,16×1K,16,1000,False,91.9,86.0,96.5,94.2,2.3,16140,16000,97.3
Qwen3-1.7B,think,easy,16×500,16,500,True,75.0,66.3,83.7,89.5,14.5,8157,8000,100.0
Qwen3-1.7B,think,medium,1×8K,1,8000,True,92.3,86.2,97.1,92.3,0.0,3789,8000,16.7
Qwen3-1.7B,think,medium,1×4K,1,4000,False,90.3,83.0,96.5,90.3,0.0,2908,4000,30.8
Qwen3-1.7B,think,medium,1×2K,1,2000,False,82.3,72.7,90.4,82.3,0.0,1925,2000,77.5
Qwen3-1.7B,think,medium,1×1K,1,1000,False,74.9,63.5,85.3,74.9,0.0,1013,1000,99.7
Qwen3-1.7B,think,medium,1×500,1,500,False,54.9,42.3,67.4,54.9,0.0,514,500,100.0
Qwen3-1.7B,think,medium,2×8K,2,8000,False,92.3,86.2,97.1,96.0,3.8,7579,16000,16.7
Qwen3-1.7B,think,medium,2×4K,2,4000,True,90.3,83.0,96.5,93.6,3.4,5816,8000,30.8
Qwen3-1.7B,think,medium,2×2K,2,2000,False,82.3,72.7,90.4,87.8,5.5,3850,4000,77.5
Qwen3-1.7B,think,medium,2×1K,2,1000,False,74.9,63.5,85.3,79.2,4.4,2026,2000,99.7
Qwen3-1.7B,think,medium,2×500,2,500,False,54.9,42.3,67.4,61.2,6.3,1028,1000,100.0
Qwen3-1.7B,think,medium,4×8K,4,8000,False,94.7,88.4,99.3,97.8,3.0,15158,32000,16.7
Qwen3-1.7B,think,medium,4×4K,4,4000,False,92.0,84.2,98.7,95.8,3.8,11632,16000,30.8
Qwen3-1.7B,think,medium,4×2K,4,2000,True,86.0,76.2,94.3,90.4,4.4,7700,8000,77.5
Qwen3-1.7B,think,medium,4×1K,4,1000,False,77.1,65.4,88.2,81.9,4.8,4052,4000,99.7
Qwen3-1.7B,think,medium,4×500,4,500,False,57.0,43.4,70.4,67.0,9.9,2056,2000,100.0
Qwen3-1.7B,think,medium,8×8K,8,8000,False,95.3,88.7,100.0,98.8,3.5,30315,64000,16.7
Qwen3-1.7B,think,medium,8×4K,8,4000,False,92.2,83.8,99.1,98.1,5.9,23265,32000,30.8
Qwen3-1.7B,think,medium,8×2K,8,2000,False,87.2,77.4,95.3,92.2,5.0,15400,16000,77.5
Qwen3-1.7B,think,medium,8×1K,8,1000,True,77.0,65.3,88.5,84.2,7.2,8103,8000,99.7
Qwen3-1.7B,think,medium,8×500,8,500,False,58.5,44.1,72.1,72.8,14.3,4113,4000,100.0
Qwen3-1.7B,think,medium,16×8K,16,8000,False,95.3,88.4,100.0,100.0,4.7,60630,128000,16.7
Qwen3-1.7B,think,medium,16×4K,16,4000,False,93.0,83.7,100.0,100.0,7.0,46530,64000,30.8
Qwen3-1.7B,think,medium,16×2K,16,2000,False,87.2,76.7,95.3,93.0,5.8,30799,32000,77.5
Qwen3-1.7B,think,medium,16×1K,16,1000,False,76.7,65.1,88.4,86.0,9.3,16206,16000,99.7
Qwen3-1.7B,think,medium,16×500,16,500,True,59.3,45.3,73.3,79.1,19.8,8226,8000,100.0
Qwen3-1.7B,think,hard,1×8K,1,8000,True,82.8,76.6,88.4,82.8,0.0,5243,8000,30.0
Qwen3-1.7B,think,hard,1×4K,1,4000,False,73.4,66.1,80.5,73.4,0.0,3519,4000,62.2
Qwen3-1.7B,think,hard,1×2K,1,2000,False,60.6,51.5,69.4,60.6,0.0,1996,2000,94.3
Qwen3-1.7B,think,hard,1×1K,1,1000,False,46.9,38.4,55.8,46.9,0.0,1016,1000,100.0
Qwen3-1.7B,think,hard,1×500,1,500,False,20.9,13.8,28.4,20.9,0.0,517,500,100.0
Qwen3-1.7B,think,hard,2×8K,2,8000,False,82.8,76.6,88.4,89.4,6.6,10486,16000,30.0
Qwen3-1.7B,think,hard,2×4K,2,4000,True,73.4,66.1,80.5,81.3,7.9,7038,8000,62.2
Qwen3-1.7B,think,hard,2×2K,2,2000,False,60.6,51.5,69.4,66.9,6.3,3991,4000,94.3
Qwen3-1.7B,think,hard,2×1K,2,1000,False,46.9,38.4,55.8,54.5,7.6,2032,2000,100.0
Qwen3-1.7B,think,hard,2×500,2,500,False,20.9,13.8,28.4,25.0,4.2,1033,1000,100.0
Qwen3-1.7B,think,hard,4×8K,4,8000,False,87.9,81.8,93.4,92.6,4.7,20972,32000,30.0
Qwen3-1.7B,think,hard,4×4K,4,4000,False,77.6,70.0,84.8,86.7,9.2,14075,16000,62.2
Qwen3-1.7B,think,hard,4×2K,4,2000,True,64.7,55.1,74.2,70.6,6.0,7983,8000,94.3
Qwen3-1.7B,think,hard,4×1K,4,1000,False,50.3,41.4,59.6,59.9,9.7,4065,4000,100.0
Qwen3-1.7B,think,hard,4×500,4,500,False,22.3,14.6,30.4,28.6,6.3,2066,2000,100.0
Qwen3-1.7B,think,hard,8×8K,8,8000,False,89.9,83.9,95.4,94.1,4.2,41943,64000,30.0
Qwen3-1.7B,think,hard,8×4K,8,4000,False,79.3,71.5,86.9,90.0,10.7,28150,32000,62.2
Qwen3-1.7B,think,hard,8×2K,8,2000,False,65.5,55.8,75.3,74.2,8.7,15965,16000,94.3
Qwen3-1.7B,think,hard,8×1K,8,1000,True,51.6,42.2,61.3,63.9,12.3,8129,8000,100.0
Qwen3-1.7B,think,hard,8×500,8,500,False,22.9,14.9,31.2,31.4,8.5,4133,4000,100.0
Qwen3-1.7B,think,hard,16×8K,16,8000,False,90.7,83.7,96.5,95.3,4.7,83886,128000,30.0
Qwen3-1.7B,think,hard,16×4K,16,4000,False,79.7,70.9,87.8,91.9,12.2,56300,64000,62.2
Qwen3-1.7B,think,hard,16×2K,16,2000,False,66.3,57.0,76.7,77.9,11.6,31930,32000,94.3
Qwen3-1.7B,think,hard,16×1K,16,1000,False,51.0,41.1,61.4,67.4,16.5,16259,16000,100.0
Qwen3-1.7B,think,hard,16×500,16,500,True,23.3,15.1,32.6,33.7,10.5,8266,8000,100.0
Qwen3-1.7B,think,all,1×8K,1,8000,True,90.3,87.2,93.1,90.3,0.0,3949,8000,16.7
Qwen3-1.7B,think,all,1×4K,1,4000,False,85.6,82.0,89.0,85.6,0.0,2952,4000,37.4
Qwen3-1.7B,think,all,1×2K,1,2000,False,77.0,72.4,81.3,77.0,0.0,1898,2000,75.8
Qwen3-1.7B,think,all,1×1K,1,1000,False,68.9,64.1,73.5,68.9,0.0,1013,1000,98.9
Qwen3-1.7B,think,all,1×500,1,500,False,48.2,43.4,53.5,48.2,0.0,513,500,100.0
Qwen3-1.7B,think,all,2×8K,2,8000,False,90.3,87.2,93.1,94.1,3.8,7898,16000,16.7
Qwen3-1.7B,think,all,2×4K,2,4000,True,85.6,82.0,89.0,90.0,4.4,5904,8000,37.4
Qwen3-1.7B,think,all,2×2K,2,2000,False,77.0,72.4,81.3,81.9,4.9,3797,4000,75.8
Qwen3-1.7B,think,all,2×1K,2,1000,False,68.9,64.1,73.5,74.3,5.4,2025,2000,98.9
Qwen3-1.7B,think,all,2×500,2,500,False,48.2,43.4,53.5,53.6,5.4,1027,1000,100.0
Qwen3-1.7B,think,all,4×8K,4,8000,False,93.0,89.9,95.7,96.0,3.0,15795,32000,16.7
Qwen3-1.7B,think,all,4×4K,4,4000,False,88.0,84.2,91.5,92.8,4.9,11808,16000,37.4
Qwen3-1.7B,think,all,4×2K,4,2000,True,80.1,75.4,84.7,84.4,4.3,7594,8000,75.8
Qwen3-1.7B,think,all,4×1K,4,1000,False,71.7,66.8,76.7,77.7,6.0,4050,4000,98.9
Qwen3-1.7B,think,all,4×500,4,500,False,50.0,44.9,55.5,58.0,8.0,2054,2000,100.0
Qwen3-1.7B,think,all,8×8K,8,8000,False,94.0,90.9,96.7,96.9,2.9,31591,64000,16.7
Qwen3-1.7B,think,all,8×4K,8,4000,False,88.7,84.7,92.4,94.9,6.1,23616,32000,37.4
Qwen3-1.7B,think,all,8×2K,8,2000,False,80.9,76.1,85.6,86.6,5.8,15188,16000,75.8
Qwen3-1.7B,think,all,8×1K,8,1000,True,72.5,67.3,77.5,80.0,7.5,8100,8000,98.9
Qwen3-1.7B,think,all,8×500,8,500,False,50.8,45.5,56.3,61.7,10.9,4107,4000,100.0
Qwen3-1.7B,think,all,16×8K,16,8000,False,94.4,91.2,97.2,97.7,3.3,63181,128000,16.7
Qwen3-1.7B,think,all,16×4K,16,4000,False,89.1,84.9,93.0,96.3,7.2,47233,64000,37.4
Qwen3-1.7B,think,all,16×2K,16,2000,False,81.2,76.3,86.0,88.4,7.2,30376,32000,75.8
Qwen3-1.7B,think,all,16×1K,16,1000,False,72.5,67.0,77.8,81.9,9.4,16201,16000,98.9
Qwen3-1.7B,think,all,16×500,16,500,True,51.2,45.6,57.0,65.1,14.0,8214,8000,100.0
Qwen3-1.7B,nothink,easy,1×8K,1,8000,True,89.4,84.1,94.1,89.4,0.0,403,8000,0.0
Qwen3-1.7B,nothink,easy,1×4K,1,4000,False,89.4,84.1,94.1,89.4,0.0,403,4000,0.0
Qwen3-1.7B,nothink,easy,1×2K,1,2000,False,89.4,84.1,94.1,89.4,0.0,403,2000,0.1
Qwen3-1.7B,nothink,easy,1×1K,1,1000,False,88.7,83.5,93.5,88.7,0.0,389,1000,4.9
Qwen3-1.7B,nothink,easy,1×500,1,500,False,83.6,77.0,89.6,83.6,0.0,337,500,21.7
Qwen3-1.7B,nothink,easy,2×8K,2,8000,False,89.4,84.1,94.1,93.2,3.8,807,16000,0.0
Qwen3-1.7B,nothink,easy,2×4K,2,4000,True,89.4,84.1,94.1,93.2,3.8,807,8000,0.0
Qwen3-1.7B,nothink,easy,2×2K,2,2000,False,89.4,84.1,94.1,93.2,3.8,806,4000,0.1
Qwen3-1.7B,nothink,easy,2×1K,2,1000,False,88.8,83.5,93.5,92.9,4.1,777,2000,4.9
Qwen3-1.7B,nothink,easy,2×500,2,500,False,83.6,77.0,89.6,87.7,4.1,674,1000,21.7
Qwen3-1.7B,nothink,easy,4×8K,4,8000,False,90.8,85.0,95.6,95.7,4.9,1613,32000,0.0
Qwen3-1.7B,nothink,easy,4×4K,4,4000,False,90.8,85.0,95.6,95.7,4.9,1613,16000,0.0
Qwen3-1.7B,nothink,easy,4×2K,4,2000,True,90.8,85.0,95.6,95.7,4.9,1613,8000,0.1
Qwen3-1.7B,nothink,easy,4×1K,4,1000,False,90.5,84.7,95.4,95.6,5.0,1554,4000,4.9
Qwen3-1.7B,nothink,easy,4×500,4,500,False,85.6,78.6,91.7,90.0,4.5,1348,2000,21.7
Qwen3-1.7B,nothink,easy,8×8K,8,8000,False,91.3,85.1,96.1,97.6,6.4,3226,64000,0.0
Qwen3-1.7B,nothink,easy,8×4K,8,4000,False,91.3,85.1,96.1,97.6,6.4,3226,32000,0.0
Qwen3-1.7B,nothink,easy,8×2K,8,2000,False,91.3,85.3,96.1,97.6,6.3,3225,16000,0.1
Qwen3-1.7B,nothink,easy,8×1K,8,1000,True,91.0,84.8,95.9,97.6,6.6,3108,8000,4.9
Qwen3-1.7B,nothink,easy,8×500,8,500,False,86.1,79.0,92.2,91.6,5.5,2696,4000,21.7
Qwen3-1.7B,nothink,easy,16×8K,16,8000,False,91.3,84.9,96.5,98.8,7.6,6453,128000,0.0
Qwen3-1.7B,nothink,easy,16×4K,16,4000,False,91.3,84.9,96.5,98.8,7.6,6453,64000,0.0
Qwen3-1.7B,nothink,easy,16×2K,16,2000,False,91.3,84.9,96.5,98.8,7.6,6450,32000,0.1
Qwen3-1.7B,nothink,easy,16×1K,16,1000,False,91.3,84.9,96.5,98.8,7.6,6217,16000,4.9
Qwen3-1.7B,nothink,easy,16×500,16,500,True,85.5,77.9,91.9,93.0,7.6,5392,8000,21.7
Qwen3-1.7B,nothink,medium,1×8K,1,8000,True,81.1,72.5,89.0,81.1,0.0,736,8000,0.1
Qwen3-1.7B,nothink,medium,1×4K,1,4000,False,81.4,73.1,89.1,81.4,0.0,702,4000,2.0
Qwen3-1.7B,nothink,medium,1×2K,1,2000,False,81.0,72.4,89.0,81.0,0.0,625,2000,6.4
Qwen3-1.7B,nothink,medium,1×1K,1,1000,False,76.3,66.6,85.6,76.3,0.0,525,1000,18.3
Qwen3-1.7B,nothink,medium,1×500,1,500,False,62.5,51.3,74.0,62.5,0.0,397,500,44.8
Qwen3-1.7B,nothink,medium,2×8K,2,8000,False,81.1,72.5,89.0,89.4,8.3,1472,16000,0.1
Qwen3-1.7B,nothink,medium,2×4K,2,4000,True,81.4,73.1,89.1,90.0,8.6,1403,8000,2.0
Qwen3-1.7B,nothink,medium,2×2K,2,2000,False,81.0,72.4,89.0,89.3,8.4,1250,4000,6.4
Qwen3-1.7B,nothink,medium,2×1K,2,1000,False,76.3,66.6,85.6,84.4,8.0,1049,2000,18.3
Qwen3-1.7B,nothink,medium,2×500,2,500,False,62.5,51.3,74.0,71.3,8.8,795,1000,44.8
Qwen3-1.7B,nothink,medium,4×8K,4,8000,False,86.2,77.5,94.1,94.3,8.1,2945,32000,0.1
Qwen3-1.7B,nothink,medium,4×4K,4,4000,False,86.5,78.0,94.1,95.3,8.8,2806,16000,2.0
Qwen3-1.7B,nothink,medium,4×2K,4,2000,True,85.6,77.0,93.5,94.9,9.3,2500,8000,6.4
Qwen3-1.7B,nothink,medium,4×1K,4,1000,False,80.2,70.2,89.7,90.1,9.9,2099,4000,18.3
Qwen3-1.7B,nothink,medium,4×500,4,500,False,65.1,52.8,77.5,78.7,13.6,1590,2000,44.8
Qwen3-1.7B,nothink,medium,8×8K,8,8000,False,88.6,80.1,96.1,96.8,8.2,5890,64000,0.1
Qwen3-1.7B,nothink,medium,8×4K,8,4000,False,89.0,80.7,96.1,98.6,9.6,5612,32000,2.0
Qwen3-1.7B,nothink,medium,8×2K,8,2000,False,88.4,79.7,95.7,98.6,10.2,5000,16000,6.4
Qwen3-1.7B,nothink,medium,8×1K,8,1000,True,82.1,71.8,91.4,93.8,11.7,4198,8000,18.3
Qwen3-1.7B,nothink,medium,8×500,8,500,False,65.6,52.4,78.5,84.9,19.3,3180,4000,44.8
Qwen3-1.7B,nothink,medium,16×8K,16,8000,False,93.0,86.0,100.0,97.7,4.7,11780,128000,0.1
Qwen3-1.7B,nothink,medium,16×4K,16,4000,False,93.0,86.0,100.0,100.0,7.0,11225,64000,2.0
Qwen3-1.7B,nothink,medium,16×2K,16,2000,False,91.9,83.7,98.8,100.0,8.1,10000,32000,6.4
Qwen3-1.7B,nothink,medium,16×1K,16,1000,False,83.7,73.3,93.0,95.3,11.6,8395,16000,18.3
Qwen3-1.7B,nothink,medium,16×500,16,500,True,65.1,51.2,79.1,88.4,23.3,6360,8000,44.8
Qwen3-1.7B,nothink,hard,1×8K,1,8000,True,63.8,55.9,71.9,63.8,0.0,1126,8000,1.5
Qwen3-1.7B,nothink,hard,1×4K,1,4000,False,63.8,55.9,71.9,63.8,0.0,1046,4000,3.1
Qwen3-1.7B,nothink,hard,1×2K,1,2000,False,62.5,54.5,70.8,62.5,0.0,922,2000,12.4
Qwen3-1.7B,nothink,hard,1×1K,1,1000,False,56.9,48.7,65.7,56.9,0.0,717,1000,33.3
Qwen3-1.7B,nothink,hard,1×500,1,500,False,36.1,28.5,44.8,36.1,0.0,475,500,72.1
Qwen3-1.7B,nothink,hard,2×8K,2,8000,False,63.8,55.9,71.9,72.7,8.9,2253,16000,1.5
Qwen3-1.7B,nothink,hard,2×4K,2,4000,True,63.8,55.9,71.9,72.7,8.9,2091,8000,3.1
Qwen3-1.7B,nothink,hard,2×2K,2,2000,False,62.5,54.5,70.8,71.0,8.5,1845,4000,12.4
Qwen3-1.7B,nothink,hard,2×1K,2,1000,False,56.9,48.7,65.7,64.5,7.6,1434,2000,33.3
Qwen3-1.7B,nothink,hard,2×500,2,500,False,36.2,28.5,44.8,42.7,6.5,950,1000,72.1
Qwen3-1.7B,nothink,hard,4×8K,4,8000,False,68.0,59.7,76.5,79.8,11.7,4506,32000,1.5
Qwen3-1.7B,nothink,hard,4×4K,4,4000,False,68.0,59.7,76.5,79.8,11.8,4183,16000,3.1
Qwen3-1.7B,nothink,hard,4×2K,4,2000,True,66.2,57.8,74.9,77.9,11.7,3689,8000,12.4
Qwen3-1.7B,nothink,hard,4×1K,4,1000,False,60.5,51.9,69.8,70.4,9.9,2867,4000,33.3
Qwen3-1.7B,nothink,hard,4×500,4,500,False,39.8,31.4,49.3,47.7,7.9,1899,2000,72.1
Qwen3-1.7B,nothink,hard,8×8K,8,8000,False,70.7,61.9,79.3,85.1,14.4,9011,64000,1.5
Qwen3-1.7B,nothink,hard,8×4K,8,4000,False,70.6,61.9,79.2,85.1,14.5,8366,32000,3.1
Qwen3-1.7B,nothink,hard,8×2K,8,2000,False,67.9,58.9,76.8,83.9,16.0,7379,16000,12.4
Qwen3-1.7B,nothink,hard,8×1K,8,1000,True,62.5,53.5,72.2,75.0,12.5,5735,8000,33.3
Qwen3-1.7B,nothink,hard,8×500,8,500,False,41.9,32.8,51.6,52.3,10.4,3798,4000,72.1
Qwen3-1.7B,nothink,hard,16×8K,16,8000,False,73.3,64.0,82.6,88.4,15.1,18022,128000,1.5
Qwen3-1.7B,nothink,hard,16×4K,16,4000,False,73.3,64.0,82.6,88.4,15.1,16732,64000,3.1
Qwen3-1.7B,nothink,hard,16×2K,16,2000,False,70.3,60.5,79.7,89.5,19.2,14758,32000,12.4
Qwen3-1.7B,nothink,hard,16×1K,16,1000,False,65.1,55.8,75.6,77.9,12.8,11470,16000,33.3
Qwen3-1.7B,nothink,hard,16×500,16,500,True,42.1,32.6,52.3,57.0,14.9,7596,8000,72.1
Qwen3-1.7B,nothink,all,1×8K,1,8000,True,77.5,73.4,81.8,77.5,0.0,759,8000,0.6
Qwen3-1.7B,nothink,all,1×4K,1,4000,False,77.6,73.4,81.8,77.6,0.0,720,4000,1.7
Qwen3-1.7B,nothink,all,1×2K,1,2000,False,76.9,72.8,81.2,76.9,0.0,655,2000,6.3
Qwen3-1.7B,nothink,all,1×1K,1,1000,False,73.5,69.2,77.8,73.5,0.0,547,1000,19.0
Qwen3-1.7B,nothink,all,1×500,1,500,False,60.4,55.7,65.1,60.4,0.0,404,500,46.5
Qwen3-1.7B,nothink,all,2×8K,2,8000,False,77.5,73.4,81.8,84.2,6.7,1518,16000,0.6
Qwen3-1.7B,nothink,all,2×4K,2,4000,True,77.6,73.4,81.8,84.3,6.8,1440,8000,1.7
Qwen3-1.7B,nothink,all,2×2K,2,2000,False,76.9,72.8,81.2,83.5,6.6,1310,4000,6.3
Qwen3-1.7B,nothink,all,2×1K,2,1000,False,73.6,69.2,77.9,79.8,6.3,1094,2000,19.0
Qwen3-1.7B,nothink,all,2×500,2,500,False,60.4,55.7,65.1,66.4,6.0,808,1000,46.5
Qwen3-1.7B,nothink,all,4×8K,4,8000,False,80.8,76.3,85.1,89.0,8.3,3036,32000,0.6
Qwen3-1.7B,nothink,all,4×4K,4,4000,False,80.8,76.4,85.1,89.2,8.4,2880,16000,1.7
Qwen3-1.7B,nothink,all,4×2K,4,2000,True,79.9,75.5,84.3,88.4,8.5,2621,8000,6.3
Qwen3-1.7B,nothink,all,4×1K,4,1000,False,76.5,71.8,81.2,84.4,7.9,2188,4000,19.0
Qwen3-1.7B,nothink,all,4×500,4,500,False,63.2,58.1,68.3,70.8,7.7,1617,2000,46.5
Qwen3-1.7B,nothink,all,8×8K,8,8000,False,82.5,78.0,87.0,92.4,9.9,6073,64000,0.6
Qwen3-1.7B,nothink,all,8×4K,8,4000,False,82.6,78.0,87.0,92.8,10.2,5759,32000,1.7
Qwen3-1.7B,nothink,all,8×2K,8,2000,False,81.4,76.6,86.1,92.3,11.0,5242,16000,6.3
Qwen3-1.7B,nothink,all,8×1K,8,1000,True,77.8,72.9,82.8,87.8,10.0,4377,8000,19.0
Qwen3-1.7B,nothink,all,8×500,8,500,False,64.3,58.8,69.6,74.5,10.2,3233,4000,46.5
Qwen3-1.7B,nothink,all,16×8K,16,8000,False,84.4,79.8,89.1,94.4,10.0,12146,128000,0.6
Qwen3-1.7B,nothink,all,16×4K,16,4000,False,84.4,79.8,89.1,94.9,10.5,11519,64000,1.7
Qwen3-1.7B,nothink,all,16×2K,16,2000,False,83.0,78.1,87.7,95.3,12.3,10483,32000,6.3
Qwen3-1.7B,nothink,all,16×1K,16,1000,False,79.3,74.2,84.4,89.8,10.5,8754,16000,19.0
Qwen3-1.7B,nothink,all,16×500,16,500,True,64.0,58.1,69.8,77.7,13.6,6467,8000,46.5
Qwen3-4B,think,easy,1×8K,1,8000,True,97.9,95.3,100.0,97.9,0.0,2666,8000,1.7
Qwen3-4B,think,easy,1×4K,1,4000,False,97.1,93.6,99.8,97.1,0.0,2455,4000,15.1
Qwen3-4B,think,easy,1×2K,1,2000,False,94.0,89.8,97.5,94.0,0.0,1824,2000,59.7
Qwen3-4B,think,easy,1×1K,1,1000,False,86.0,79.6,91.5,86.0,0.0,1014,1000,99.3
Qwen3-4B,think,easy,1×500,1,500,False,72.3,64.4,80.5,72.3,0.0,515,500,100.0
Qwen3-4B,think,easy,2×8K,2,8000,False,97.9,95.3,100.0,98.7,0.8,5332,16000,1.7
Qwen3-4B,think,easy,2×4K,2,4000,True,97.1,93.6,99.8,97.9,0.8,4910,8000,15.1
Qwen3-4B,think,easy,2×2K,2,2000,False,94.0,89.8,97.5,96.2,2.2,3649,4000,59.7
Qwen3-4B,think,easy,2×1K,2,1000,False,86.0,79.6,91.5,89.9,3.9,2028,2000,99.3
Qwen3-4B,think,easy,2×500,2,500,False,72.3,64.4,80.5,77.3,5.0,1030,1000,100.0
Qwen3-4B,think,easy,4×8K,4,8000,False,97.8,94.9,100.0,99.5,1.7,10664,32000,1.7
Qwen3-4B,think,easy,4×4K,4,4000,False,97.2,93.7,100.0,98.5,1.3,9820,16000,15.1
Qwen3-4B,think,easy,4×2K,4,2000,True,95.3,91.1,98.7,97.1,1.8,7298,8000,59.7
Qwen3-4B,think,easy,4×1K,4,1000,False,88.1,81.8,93.6,91.9,3.8,4055,4000,99.3
Qwen3-4B,think,easy,4×500,4,500,False,74.4,66.3,82.8,80.8,6.4,2060,2000,100.0
Qwen3-4B,think,easy,8×8K,8,8000,False,97.6,94.4,100.0,100.0,2.3,21328,64000,1.7
Qwen3-4B,think,easy,8×4K,8,4000,False,96.9,93.1,100.0,98.8,1.9,19639,32000,15.1
Qwen3-4B,think,easy,8×2K,8,2000,False,95.4,91.1,98.8,97.6,2.2,14595,16000,59.7
Qwen3-4B,think,easy,8×1K,8,1000,True,89.0,82.5,94.8,93.0,3.9,8111,8000,99.3
Qwen3-4B,think,easy,8×500,8,500,False,75.8,67.6,84.3,84.2,8.5,4119,4000,100.0
Qwen3-4B,think,easy,16×8K,16,8000,False,97.7,94.2,100.0,100.0,2.3,42656,128000,1.7
Qwen3-4B,think,easy,16×4K,16,4000,False,96.5,91.9,100.0,98.8,2.3,39279,64000,15.1
Qwen3-4B,think,easy,16×2K,16,2000,False,94.8,90.1,98.8,97.7,2.9,29191,32000,59.7
Qwen3-4B,think,easy,16×1K,16,1000,False,89.5,82.6,95.3,94.2,4.7,16222,16000,99.3
Qwen3-4B,think,easy,16×500,16,500,True,76.6,68.2,85.3,88.4,11.8,8238,8000,100.0
Qwen3-4B,think,medium,1×8K,1,8000,True,96.4,90.7,100.0,96.4,0.0,3658,8000,9.6
Qwen3-4B,think,medium,1×4K,1,4000,False,95.6,90.0,99.6,95.6,0.0,2917,4000,31.0
Qwen3-4B,think,medium,1×2K,1,2000,False,89.0,80.8,95.5,89.0,0.0,1919,2000,76.2
Qwen3-4B,think,medium,1×1K,1,1000,False,79.9,69.3,89.2,79.9,0.0,1016,1000,99.9
Qwen3-4B,think,medium,1×500,1,500,False,55.5,42.4,68.3,55.5,0.0,517,500,100.0
Qwen3-4B,think,medium,2×8K,2,8000,False,96.4,90.7,100.0,97.4,1.0,7317,16000,9.6
Qwen3-4B,think,medium,2×4K,2,4000,True,95.6,90.0,99.6,97.4,1.7,5834,8000,31.0
Qwen3-4B,think,medium,2×2K,2,2000,False,89.0,80.8,95.5,92.4,3.4,3838,4000,76.2
Qwen3-4B,think,medium,2×1K,2,1000,False,79.9,69.3,89.2,85.3,5.4,2032,2000,99.9
Qwen3-4B,think,medium,2×500,2,500,False,55.5,42.4,68.3,63.1,7.6,1034,1000,100.0
Qwen3-4B,think,medium,4×8K,4,8000,False,97.0,91.6,100.0,98.2,1.2,14634,32000,9.6
Qwen3-4B,think,medium,4×4K,4,4000,False,96.7,91.2,100.0,98.2,1.5,11668,16000,31.0
Qwen3-4B,think,medium,4×2K,4,2000,True,91.2,83.3,97.5,94.1,2.9,7676,8000,76.2
Qwen3-4B,think,medium,4×1K,4,1000,False,82.2,71.3,91.4,88.6,6.5,4064,4000,99.9
Qwen3-4B,think,medium,4×500,4,500,False,57.3,43.9,70.2,69.3,12.0,2069,2000,100.0
Qwen3-4B,think,medium,8×8K,8,8000,False,97.5,92.7,100.0,98.8,1.3,29268,64000,9.6
Qwen3-4B,think,medium,8×4K,8,4000,False,97.1,91.9,100.0,98.8,1.7,23336,32000,31.0
Qwen3-4B,think,medium,8×2K,8,2000,False,92.6,84.8,98.5,95.1,2.5,15351,16000,76.2
Qwen3-4B,think,medium,8×1K,8,1000,True,83.2,72.2,92.5,90.1,6.9,8129,8000,99.9
Qwen3-4B,think,medium,8×500,8,500,False,59.4,45.6,73.1,73.5,14.1,4138,4000,100.0
Qwen3-4B,think,medium,16×8K,16,8000,False,97.7,93.0,100.0,100.0,2.3,58535,128000,9.6
Qwen3-4B,think,medium,16×4K,16,4000,False,97.7,93.0,100.0,100.0,2.3,46672,64000,31.0
Qwen3-4B,think,medium,16×2K,16,2000,False,94.2,86.0,100.0,95.3,1.2,30703,32000,76.2
Qwen3-4B,think,medium,16×1K,16,1000,False,86.0,74.4,95.3,90.7,4.7,16258,16000,99.9
Qwen3-4B,think,medium,16×500,16,500,True,62.4,48.1,76.4,76.7,14.3,8276,8000,100.0
Qwen3-4B,think,hard,1×8K,1,8000,True,90.8,85.4,95.3,90.8,0.0,5079,8000,24.6
Qwen3-4B,think,hard,1×4K,1,4000,False,81.2,74.4,87.5,81.2,0.0,3525,4000,60.0
Qwen3-4B,think,hard,1×2K,1,2000,False,67.7,58.9,76.2,67.7,0.0,1999,2000,94.6
Qwen3-4B,think,hard,1×1K,1,1000,False,46.4,37.8,55.3,46.4,0.0,1019,1000,99.9
Qwen3-4B,think,hard,1×500,1,500,False,26.0,17.8,34.8,26.0,0.0,520,500,100.0
Qwen3-4B,think,hard,2×8K,2,8000,False,90.8,85.4,95.3,93.8,3.0,10158,16000,24.6
Qwen3-4B,think,hard,2×4K,2,4000,True,81.2,74.4,87.5,87.5,6.3,7051,8000,60.0
Qwen3-4B,think,hard,2×2K,2,2000,False,67.7,58.9,76.2,72.8,5.1,3999,4000,94.6
Qwen3-4B,think,hard,2×1K,2,1000,False,46.4,37.8,55.3,53.8,7.5,2038,2000,99.9
Qwen3-4B,think,hard,2×500,2,500,False,26.0,17.8,34.8,29.1,3.1,1040,1000,100.0
Qwen3-4B,think,hard,4×8K,4,8000,False,92.4,86.9,97.0,95.4,2.9,20316,32000,24.6
Qwen3-4B,think,hard,4×4K,4,4000,False,84.6,77.9,91.1,91.8,7.2,14101,16000,60.0
Qwen3-4B,think,hard,4×2K,4,2000,True,70.3,61.3,79.3,76.0,5.6,7997,8000,94.6
Qwen3-4B,think,hard,4×1K,4,1000,False,49.0,40.2,58.3,59.7,10.7,4075,4000,99.9
Qwen3-4B,think,hard,4×500,4,500,False,26.0,17.4,35.0,32.4,6.4,2079,2000,100.0
Qwen3-4B,think,hard,8×8K,8,8000,False,92.8,87.0,97.5,96.7,3.8,40632,64000,24.6
Qwen3-4B,think,hard,8×4K,8,4000,False,86.1,79.0,92.6,94.0,7.9,28202,32000,60.0
Qwen3-4B,think,hard,8×2K,8,2000,False,71.0,61.8,80.0,78.8,7.8,15994,16000,94.6
Qwen3-4B,think,hard,8×1K,8,1000,True,50.1,41.0,59.9,63.6,13.5,8151,8000,99.9
Qwen3-4B,think,hard,8×500,8,500,False,25.7,16.7,34.9,36.4,10.8,4159,4000,100.0
Qwen3-4B,think,hard,16×8K,16,8000,False,93.0,87.2,97.7,97.7,4.7,81265,128000,24.6
Qwen3-4B,think,hard,16×4K,16,4000,False,86.0,78.5,93.0,95.3,9.3,56405,64000,60.0
Qwen3-4B,think,hard,16×2K,16,2000,False,70.9,61.6,80.2,81.4,10.5,31988,32000,94.6
Qwen3-4B,think,hard,16×1K,16,1000,False,49.4,40.1,59.3,66.3,16.9,16302,16000,99.9
Qwen3-4B,think,hard,16×500,16,500,True,25.6,16.3,34.9,39.5,14.0,8317,8000,100.0
Qwen3-4B,think,all,1×8K,1,8000,True,94.7,92.1,97.0,94.7,0.0,3830,8000,12.5
Qwen3-4B,think,all,1×4K,1,4000,False,90.4,87.2,93.3,90.4,0.0,2975,4000,36.2
Qwen3-4B,think,all,1×2K,1,2000,False,82.5,78.4,86.5,82.5,0.0,1913,2000,76.9
Qwen3-4B,think,all,1×1K,1,1000,False,68.9,64.4,73.4,68.9,0.0,1016,1000,99.7
Qwen3-4B,think,all,1×500,1,500,False,50.4,45.1,55.8,50.4,0.0,517,500,100.0
Qwen3-4B,think,all,2×8K,2,8000,False,94.7,92.1,97.0,96.5,1.7,7659,16000,12.5
Qwen3-4B,think,all,2×4K,2,4000,True,90.4,87.2,93.3,93.6,3.2,5951,8000,36.2
Qwen3-4B,think,all,2×2K,2,2000,False,82.5,78.4,86.5,86.1,3.6,3827,4000,76.9
Qwen3-4B,think,all,2×1K,2,1000,False,68.9,64.4,73.4,74.6,5.6,2033,2000,99.7
Qwen3-4B,think,all,2×500,2,500,False,50.4,45.1,55.8,55.2,4.8,1035,1000,100.0
Qwen3-4B,think,all,4×8K,4,8000,False,95.5,92.8,97.8,97.6,2.1,15319,32000,12.5
Qwen3-4B,think,all,4×4K,4,4000,False,92.1,88.7,95.1,95.8,3.7,11902,16000,36.2
Qwen3-4B,think,all,4×2K,4,2000,True,84.5,80.3,88.5,88.0,3.6,7653,8000,76.9
Qwen3-4B,think,all,4×1K,4,1000,False,71.3,66.4,75.9,78.4,7.1,4065,4000,99.7
Qwen3-4B,think,all,4×500,4,500,False,51.6,46.1,57.2,59.1,7.5,2069,2000,100.0
Qwen3-4B,think,all,8×8K,8,8000,False,95.7,92.9,98.1,98.4,2.7,30638,64000,12.5
Qwen3-4B,think,all,8×4K,8,4000,False,92.6,89.1,95.7,96.9,4.3,23804,32000,36.2
Qwen3-4B,think,all,8×2K,8,2000,False,85.1,80.9,89.2,89.6,4.5,15306,16000,76.9
Qwen3-4B,think,all,8×1K,8,1000,True,72.3,67.3,77.2,80.7,8.3,8130,8000,99.7
Qwen3-4B,think,all,8×500,8,500,False,52.4,46.7,58.1,63.0,10.5,4139,4000,100.0
Qwen3-4B,think,all,16×8K,16,8000,False,95.8,93.0,98.1,99.1,3.3,61275,128000,12.5
Qwen3-4B,think,all,16×4K,16,4000,False,92.6,88.8,95.8,97.7,5.1,47608,64000,36.2
Qwen3-4B,think,all,16×2K,16,2000,False,85.1,80.7,89.3,90.7,5.6,30612,32000,76.9
Qwen3-4B,think,all,16×1K,16,1000,False,72.8,67.4,78.1,82.3,9.5,16261,16000,99.7
Qwen3-4B,think,all,16×500,16,500,True,53.3,47.4,59.1,66.5,13.2,8277,8000,100.0
Qwen3-4B,nothink,easy,1×8K,1,8000,True,94.6,90.9,97.6,94.6,0.0,420,8000,0.1
Qwen3-4B,nothink,easy,1×4K,1,4000,False,94.6,90.9,97.6,94.6,0.0,417,4000,0.1
Qwen3-4B,nothink,easy,1×2K,1,2000,False,94.6,90.9,97.6,94.6,0.0,413,2000,0.5
Qwen3-4B,nothink,easy,1×1K,1,1000,False,94.3,90.3,97.3,94.3,0.0,399,1000,4.0
Qwen3-4B,nothink,easy,1×500,1,500,False,87.3,81.7,92.1,87.3,0.0,348,500,23.6
Qwen3-4B,nothink,easy,2×8K,2,8000,False,94.6,90.9,97.6,97.3,2.7,840,16000,0.1
Qwen3-4B,nothink,easy,2×4K,2,4000,True,94.6,90.9,97.6,97.3,2.7,835,8000,0.1
Qwen3-4B,nothink,easy,2×2K,2,2000,False,94.6,90.9,97.6,97.3,2.7,826,4000,0.5
Qwen3-4B,nothink,easy,2×1K,2,1000,False,94.3,90.3,97.3,97.2,2.9,799,2000,4.0
Qwen3-4B,nothink,easy,2×500,2,500,False,87.3,81.7,92.1,91.6,4.4,697,1000,23.6
Qwen3-4B,nothink,easy,4×8K,4,8000,False,95.7,92.3,98.5,99.2,3.5,1681,32000,0.1
Qwen3-4B,nothink,easy,4×4K,4,4000,False,95.7,92.3,98.5,99.2,3.5,1669,16000,0.1
Qwen3-4B,nothink,easy,4×2K,4,2000,True,95.8,92.3,98.5,99.2,3.5,1653,8000,0.5
Qwen3-4B,nothink,easy,4×1K,4,1000,False,95.6,92.0,98.4,99.1,3.6,1597,4000,4.0
Qwen3-4B,nothink,easy,4×500,4,500,False,89.1,83.6,93.8,94.8,5.7,1393,2000,23.6
Qwen3-4B,nothink,easy,8×8K,8,8000,False,96.2,92.7,99.0,100.0,3.8,3362,64000,0.1
Qwen3-4B,nothink,easy,8×4K,8,4000,False,96.2,92.7,99.0,100.0,3.8,3339,32000,0.1
Qwen3-4B,nothink,easy,8×2K,8,2000,False,96.2,92.7,99.0,100.0,3.8,3306,16000,0.5
Qwen3-4B,nothink,easy,8×1K,8,1000,True,96.1,92.5,99.0,99.9,3.8,3195,8000,4.0
Qwen3-4B,nothink,easy,8×500,8,500,False,90.4,85.0,95.1,96.4,6.0,2786,4000,23.6
Qwen3-4B,nothink,easy,16×8K,16,8000,False,95.9,91.3,99.4,100.0,4.1,6724,128000,0.1
Qwen3-4B,nothink,easy,16×4K,16,4000,False,95.9,91.3,99.4,100.0,4.1,6677,64000,0.1
Qwen3-4B,nothink,easy,16×2K,16,2000,False,95.9,91.3,99.4,100.0,4.1,6611,32000,0.5
Qwen3-4B,nothink,easy,16×1K,16,1000,False,95.9,91.3,99.4,100.0,4.1,6390,16000,4.0
Qwen3-4B,nothink,easy,16×500,16,500,True,90.7,84.9,96.5,97.7,7.0,5573,8000,23.6
Qwen3-4B,nothink,medium,1×8K,1,8000,True,94.8,89.2,98.4,94.8,0.0,648,8000,0.3
Qwen3-4B,nothink,medium,1×4K,1,4000,False,94.8,89.2,98.4,94.8,0.0,629,4000,1.2
Qwen3-4B,nothink,medium,1×2K,1,2000,False,94.5,88.9,98.3,94.5,0.0,596,2000,2.8
Qwen3-4B,nothink,medium,1×1K,1,1000,False,88.7,80.8,95.5,88.7,0.0,526,1000,16.4
Qwen3-4B,nothink,medium,1×500,1,500,False,73.3,61.8,84.0,73.3,0.0,402,500,42.4
Qwen3-4B,nothink,medium,2×8K,2,8000,False,94.8,89.2,98.4,97.3,2.6,1296,16000,0.3
Qwen3-4B,nothink,medium,2×4K,2,4000,True,94.8,89.2,98.4,97.3,2.6,1257,8000,1.2
Qwen3-4B,nothink,medium,2×2K,2,2000,False,94.5,88.9,98.3,97.3,2.8,1193,4000,2.8
Qwen3-4B,nothink,medium,2×1K,2,1000,False,88.7,80.8,95.5,92.5,3.9,1051,2000,16.4
Qwen3-4B,nothink,medium,2×500,2,500,False,73.3,61.8,84.0,79.4,6.1,805,1000,42.4
Qwen3-4B,nothink,medium,4×8K,4,8000,False,97.2,92.1,99.9,97.7,0.5,2593,32000,0.3
Qwen3-4B,nothink,medium,4×4K,4,4000,False,97.2,92.1,99.9,97.7,0.5,2515,16000,1.2
Qwen3-4B,nothink,medium,4×2K,4,2000,True,97.2,92.0,99.9,97.7,0.5,2386,8000,2.8
Qwen3-4B,nothink,medium,4×1K,4,1000,False,91.3,83.0,97.9,94.3,2.9,2103,4000,16.4
Qwen3-4B,nothink,medium,4×500,4,500,False,76.5,64.7,87.5,83.7,7.2,1609,2000,42.4
Qwen3-4B,nothink,medium,8×8K,8,8000,False,97.6,92.9,100.0,97.7,0.0,5186,64000,0.3
Qwen3-4B,nothink,medium,8×4K,8,4000,False,97.6,92.9,100.0,97.7,0.0,5030,32000,1.2
Qwen3-4B,nothink,medium,8×2K,8,2000,False,97.6,92.9,100.0,97.7,0.0,4771,16000,2.8
Qwen3-4B,nothink,medium,8×1K,8,1000,True,92.1,84.0,98.3,95.1,3.1,4206,8000,16.4
Qwen3-4B,nothink,medium,8×500,8,500,False,77.5,64.9,88.6,86.7,9.2,3218,4000,42.4
Qwen3-4B,nothink,medium,16×8K,16,8000,False,97.7,93.0,100.0,97.7,0.0,10371,128000,0.3
Qwen3-4B,nothink,medium,16×4K,16,4000,False,97.7,93.0,100.0,97.7,0.0,10060,64000,1.2
Qwen3-4B,nothink,medium,16×2K,16,2000,False,97.7,93.0,100.0,97.7,0.0,9543,32000,2.8
Qwen3-4B,nothink,medium,16×1K,16,1000,False,90.7,81.4,97.7,95.3,4.7,8412,16000,16.4
Qwen3-4B,nothink,medium,16×500,16,500,True,79.1,67.4,90.7,88.4,9.3,6437,8000,42.4
Qwen3-4B,nothink,hard,1×8K,1,8000,True,76.7,69.9,83.3,76.7,0.0,1159,8000,2.0
Qwen3-4B,nothink,hard,1×4K,1,4000,False,76.4,69.4,83.1,76.4,0.0,1074,4000,2.5
Qwen3-4B,nothink,hard,1×2K,1,2000,False,72.7,65.6,80.3,72.7,0.0,958,2000,13.2
Qwen3-4B,nothink,hard,1×1K,1,1000,False,65.3,56.8,73.8,65.3,0.0,741,1000,35.5
Qwen3-4B,nothink,hard,1×500,1,500,False,41.0,32.6,50.0,41.0,0.0,482,500,75.3
Qwen3-4B,nothink,hard,2×8K,2,8000,False,76.7,69.9,83.3,84.7,8.1,2317,16000,2.0
Qwen3-4B,nothink,hard,2×4K,2,4000,True,76.4,69.4,83.1,84.4,8.0,2147,8000,2.5
Qwen3-4B,nothink,hard,2×2K,2,2000,False,72.7,65.6,80.3,80.7,8.0,1915,4000,13.2
Qwen3-4B,nothink,hard,2×1K,2,1000,False,65.3,56.8,73.8,71.7,6.4,1483,2000,35.5
Qwen3-4B,nothink,hard,2×500,2,500,False,41.0,32.6,50.1,46.9,5.9,964,1000,75.3
Qwen3-4B,nothink,hard,4×8K,4,8000,False,82.2,75.4,88.6,90.0,7.8,4634,32000,2.0
Qwen3-4B,nothink,hard,4×4K,4,4000,False,81.9,75.2,88.4,89.6,7.7,4294,16000,2.5
Qwen3-4B,nothink,hard,4×2K,4,2000,True,77.5,70.0,84.8,86.6,9.1,3830,8000,13.2
Qwen3-4B,nothink,hard,4×1K,4,1000,False,69.5,60.7,78.4,76.0,6.4,2966,4000,35.5
Qwen3-4B,nothink,hard,4×500,4,500,False,43.6,34.6,53.0,52.4,8.8,1928,2000,75.3
Qwen3-4B,nothink,hard,8×8K,8,8000,False,85.7,79.1,92.0,93.2,7.6,9269,64000,2.0
Qwen3-4B,nothink,hard,8×4K,8,4000,False,85.4,78.8,91.8,92.6,7.2,8589,32000,2.5
Qwen3-4B,nothink,hard,8×2K,8,2000,False,80.9,73.3,88.1,90.1,9.3,7661,16000,13.2
Qwen3-4B,nothink,hard,8×1K,8,1000,True,72.5,63.6,81.4,78.3,5.7,5931,8000,35.5
Qwen3-4B,nothink,hard,8×500,8,500,False,45.1,35.6,54.9,57.8,12.6,3857,4000,75.3
Qwen3-4B,nothink,hard,16×8K,16,8000,False,86.8,79.8,93.4,95.3,8.5,18538,128000,2.0
Qwen3-4B,nothink,hard,16×4K,16,4000,False,85.7,78.7,92.6,94.2,8.5,17177,64000,2.5
Qwen3-4B,nothink,hard,16×2K,16,2000,False,82.0,73.6,89.9,91.9,9.8,15322,32000,13.2
Qwen3-4B,nothink,hard,16×1K,16,1000,False,75.0,65.7,83.7,79.1,4.1,11863,16000,35.5
Qwen3-4B,nothink,hard,16×500,16,500,True,44.8,34.9,54.7,62.8,18.0,7714,8000,75.3
Qwen3-4B,nothink,all,1×8K,1,8000,True,87.5,84.2,90.4,87.5,0.0,761,8000,0.9
Qwen3-4B,nothink,all,1×4K,1,4000,False,87.4,84.1,90.3,87.4,0.0,722,4000,1.3
Qwen3-4B,nothink,all,1×2K,1,2000,False,85.8,82.3,89.1,85.8,0.0,668,2000,6.0
Qwen3-4B,nothink,all,1×1K,1,1000,False,81.5,77.5,85.5,81.5,0.0,561,1000,19.1
Qwen3-4B,nothink,all,1×500,1,500,False,66.0,61.4,70.6,66.0,0.0,413,500,48.1
Qwen3-4B,nothink,all,2×8K,2,8000,False,87.5,84.2,90.4,92.3,4.8,1522,16000,0.9
Qwen3-4B,nothink,all,2×4K,2,4000,True,87.4,84.1,90.3,92.2,4.8,1444,8000,1.3
Qwen3-4B,nothink,all,2×2K,2,2000,False,85.8,82.3,89.1,90.7,4.8,1335,4000,6.0
Qwen3-4B,nothink,all,2×1K,2,1000,False,81.6,77.5,85.5,86.0,4.5,1123,2000,19.1
Qwen3-4B,nothink,all,2×500,2,500,False,66.0,61.4,70.7,71.3,5.3,825,1000,48.1
Qwen3-4B,nothink,all,4×8K,4,8000,False,90.6,87.4,93.5,95.2,4.6,3045,32000,0.9
Qwen3-4B,nothink,all,4×4K,4,4000,False,90.5,87.3,93.4,95.1,4.6,2888,16000,1.3
Qwen3-4B,nothink,all,4×2K,4,2000,True,88.7,85.3,91.9,93.9,5.1,2670,8000,6.0
Qwen3-4B,nothink,all,4×1K,4,1000,False,84.3,80.3,88.2,88.9,4.6,2246,4000,19.1
Qwen3-4B,nothink,all,4×500,4,500,False,68.4,63.5,73.2,75.6,7.2,1650,2000,48.1
Qwen3-4B,nothink,all,8×8K,8,8000,False,92.3,89.1,95.1,96.8,4.5,6089,64000,0.9
Qwen3-4B,nothink,all,8×4K,8,4000,False,92.2,88.9,95.0,96.6,4.4,5777,32000,1.3
Qwen3-4B,nothink,all,8×2K,8,2000,False,90.4,86.8,93.5,95.6,5.2,5341,16000,6.0
Qwen3-4B,nothink,all,8×1K,8,1000,True,85.9,81.8,89.8,90.3,4.4,4492,8000,19.1
Qwen3-4B,nothink,all,8×500,8,500,False,69.7,64.6,74.7,79.0,9.3,3301,4000,48.1
Qwen3-4B,nothink,all,16×8K,16,8000,False,92.6,89.3,95.7,97.7,5.0,12179,128000,0.9
Qwen3-4B,nothink,all,16×4K,16,4000,False,92.2,88.7,95.4,97.2,5.0,11554,64000,1.3
Qwen3-4B,nothink,all,16×2K,16,2000,False,90.7,86.9,94.1,96.3,5.6,10682,32000,6.0
Qwen3-4B,nothink,all,16×1K,16,1000,False,86.5,82.1,90.7,90.7,4.2,8983,16000,19.1
Qwen3-4B,nothink,all,16×500,16,500,True,70.0,64.7,75.1,81.9,11.9,6602,8000,48.1
