model,mode,difficulty,best shape,P(best=1×8K),P(best=2×4K),P(best=4×2K),P(best=8×1K),P(best=16×500),E[log2 N*],best width shape,Δ best width − 1×8K,Δ lo,Δ hi,mean Δ of 4 width shapes,mean Δ of 4 width shapes lo,mean Δ of 4 width shapes hi,slope pp per doubling N,slope pp per doubling N lo,slope pp per doubling N hi
Qwen3-1.7B,think,easy,1×8K,1.0,0.0,0.001,0.0,0.0,0.0,2×4K,-1.3,-2.5,-0.4,-8.2,-11.5,-5.0,-4.8,-6.6,-3.0
Qwen3-1.7B,think,medium,1×8K,0.974,0.023,0.004,0.0,0.0,0.03,2×4K,-2.0,-4.7,0.1,-14.2,-20.0,-8.6,-7.9,-11.0,-5.0
Qwen3-1.7B,think,hard,1×8K,1.0,0.0,0.0,0.0,0.0,0.0,2×4K,-9.4,-13.1,-6.0,-29.6,-35.0,-24.3,-14.1,-16.3,-11.8
Qwen3-1.7B,think,all,1×8K,1.0,0.0,0.0,0.0,0.0,0.0,2×4K,-4.7,-6.3,-3.1,-18.0,-20.8,-15.0,-9.1,-10.4,-7.8
Qwen3-1.7B,nothink,easy,8×1K,0.007,0.0,0.281,0.706,0.006,2.7,8×1K,1.6,0.3,3.2,-0.2,-1.7,1.2,-0.6,-1.7,0.3
Qwen3-1.7B,nothink,medium,4×2K,0.0,0.0,0.955,0.045,0.001,2.05,4×2K,4.5,2.3,7.0,-2.6,-6.0,0.6,-3.1,-5.5,-0.9
Qwen3-1.7B,nothink,hard,4×2K,0.007,0.0,0.954,0.039,0.0,2.02,4×2K,2.4,0.4,4.4,-5.2,-8.2,-2.3,-4.5,-6.5,-2.6
Qwen3-1.7B,nothink,all,4×2K,0.0,0.0,0.984,0.017,0.0,2.02,4×2K,2.4,1.4,3.5,-2.7,-4.1,-1.1,-2.7,-3.7,-1.6
Qwen3-4B,think,easy,1×8K,0.994,0.0,0.006,0.0,0.0,0.01,2×4K,-0.8,-1.7,-0.1,-8.4,-11.8,-5.3,-5.1,-7.0,-3.2
Qwen3-4B,think,medium,1×8K,0.749,0.224,0.028,0.0,0.0,0.28,2×4K,-0.7,-3.3,1.2,-13.2,-20.8,-6.1,-8.0,-11.7,-4.5
Qwen3-4B,think,hard,1×8K,1.0,0.0,0.0,0.0,0.0,0.0,2×4K,-9.6,-14.2,-5.4,-34.0,-40.4,-27.3,-16.1,-18.6,-13.6
Qwen3-4B,think,all,1×8K,1.0,0.0,0.0,0.0,0.0,0.0,2×4K,-4.3,-6.2,-2.6,-19.6,-22.9,-16.3,-10.1,-11.6,-8.6
Qwen3-4B,nothink,easy,8×1K,0.0,0.0,0.207,0.774,0.018,2.81,8×1K,1.5,0.4,3.3,-0.3,-1.7,0.9,-0.6,-1.7,0.3
Qwen3-4B,nothink,medium,4×2K,0.0,0.0,0.959,0.042,0.0,2.04,4×2K,2.4,1.0,4.0,-4.0,-8.3,-0.3,-3.4,-6.3,-0.9
Qwen3-4B,nothink,hard,4×2K,0.3,0.0,0.69,0.01,0.0,1.41,4×2K,0.8,-0.6,4.0,-8.9,-12.4,-5.2,-6.8,-8.9,-4.6
Qwen3-4B,nothink,all,4×2K,0.045,0.0,0.952,0.004,0.0,1.91,4×2K,1.3,-0.1,2.6,-4.5,-6.2,-2.8,-3.6,-4.7,-2.6
