model,mode,difficulty,shape,pass@N,maj@N,gap,gap lo,gap hi,% of solvable lost
Qwen3-1.7B,think,easy,2×4K,96.9,95.4,1.5,0.7,2.4,1.5
Qwen3-1.7B,think,easy,4×2K,95.2,92.7,2.6,0.8,4.7,2.7
Qwen3-1.7B,think,easy,8×1K,94.0,91.1,2.9,0.4,6.0,3.1
Qwen3-1.7B,think,easy,16×500,89.5,75.0,14.5,7.6,22.1,16.2
Qwen3-1.7B,think,medium,2×4K,93.6,90.3,3.4,1.7,5.1,3.6
Qwen3-1.7B,think,medium,4×2K,90.4,86.0,4.4,1.3,8.0,4.9
Qwen3-1.7B,think,medium,8×1K,84.2,77.0,7.2,1.8,15.2,8.6
Qwen3-1.7B,think,medium,16×500,79.1,59.3,19.8,9.3,31.4,25.0
Qwen3-1.7B,think,hard,2×4K,81.3,73.4,7.9,5.9,10.0,9.7
Qwen3-1.7B,think,hard,4×2K,70.6,64.7,6.0,3.4,8.8,8.4
Qwen3-1.7B,think,hard,8×1K,63.9,51.6,12.3,7.6,17.6,19.3
Qwen3-1.7B,think,hard,16×500,33.7,23.3,10.5,4.7,17.4,31.0
Qwen3-1.7B,think,all,2×4K,90.0,85.6,4.4,3.4,5.4,4.9
Qwen3-1.7B,think,all,4×2K,84.4,80.1,4.3,2.9,5.9,5.1
Qwen3-1.7B,think,all,8×1K,80.0,72.5,7.5,5.0,10.4,9.4
Qwen3-1.7B,think,all,16×500,65.1,51.2,14.0,9.8,18.6,21.4
Qwen3-1.7B,nothink,easy,2×4K,93.2,89.4,3.8,2.3,5.4,4.0
Qwen3-1.7B,nothink,easy,4×2K,95.7,90.8,4.9,2.4,8.1,5.1
Qwen3-1.7B,nothink,easy,8×1K,97.6,91.0,6.6,2.8,11.8,6.8
Qwen3-1.7B,nothink,easy,16×500,93.0,85.5,7.6,2.3,13.4,8.1
Qwen3-1.7B,nothink,medium,2×4K,90.0,81.4,8.6,5.8,11.6,9.5
Qwen3-1.7B,nothink,medium,4×2K,94.9,85.6,9.3,4.6,14.5,9.8
Qwen3-1.7B,nothink,medium,8×1K,93.8,82.1,11.7,4.9,19.8,12.5
Qwen3-1.7B,nothink,medium,16×500,88.4,65.1,23.3,11.6,37.2,26.3
Qwen3-1.7B,nothink,hard,2×4K,72.7,63.8,8.9,7.0,11.0,12.2
Qwen3-1.7B,nothink,hard,4×2K,77.9,66.2,11.7,8.5,15.2,15.0
Qwen3-1.7B,nothink,hard,8×1K,75.0,62.5,12.5,7.3,18.2,16.7
Qwen3-1.7B,nothink,hard,16×500,57.0,42.1,14.9,7.9,23.1,26.2
Qwen3-1.7B,nothink,all,2×4K,84.3,77.6,6.8,5.6,8.0,8.0
Qwen3-1.7B,nothink,all,4×2K,88.4,79.9,8.5,6.5,10.6,9.6
Qwen3-1.7B,nothink,all,8×1K,87.8,77.8,10.0,7.1,13.4,11.4
Qwen3-1.7B,nothink,all,16×500,77.7,64.0,13.6,9.5,18.3,17.6
Qwen3-4B,think,easy,2×4K,97.9,97.1,0.8,0.1,1.6,0.8
Qwen3-4B,think,easy,4×2K,97.1,95.3,1.8,0.2,3.9,1.9
Qwen3-4B,think,easy,8×1K,93.0,89.0,3.9,1.2,7.2,4.2
Qwen3-4B,think,easy,16×500,88.4,76.6,11.8,5.8,18.4,13.4
Qwen3-4B,think,medium,2×4K,97.4,95.6,1.7,0.3,3.6,1.8
Qwen3-4B,think,medium,4×2K,94.1,91.2,2.9,0.5,6.0,3.1
Qwen3-4B,think,medium,8×1K,90.1,83.2,6.9,1.9,13.4,7.7
Qwen3-4B,think,medium,16×500,76.7,62.4,14.3,5.0,25.2,18.7
Qwen3-4B,think,hard,2×4K,87.5,81.2,6.3,4.2,8.4,7.2
Qwen3-4B,think,hard,4×2K,76.0,70.3,5.6,3.1,8.5,7.4
Qwen3-4B,think,hard,8×1K,63.6,50.1,13.5,8.2,19.1,21.2
Qwen3-4B,think,hard,16×500,39.5,25.6,14.0,7.0,22.1,35.3
Qwen3-4B,think,all,2×4K,93.6,90.4,3.2,2.3,4.1,3.4
Qwen3-4B,think,all,4×2K,88.0,84.5,3.6,2.2,5.2,4.0
Qwen3-4B,think,all,8×1K,80.7,72.3,8.3,5.7,11.1,10.3
Qwen3-4B,think,all,16×500,66.5,53.3,13.2,9.1,17.7,19.8
Qwen3-4B,nothink,easy,2×4K,97.3,94.6,2.7,1.4,4.3,2.8
Qwen3-4B,nothink,easy,4×2K,99.2,95.8,3.5,1.2,6.3,3.5
Qwen3-4B,nothink,easy,8×1K,99.9,96.1,3.8,1.0,7.4,3.8
Qwen3-4B,nothink,easy,16×500,97.7,90.7,7.0,2.3,12.8,7.1
Qwen3-4B,nothink,medium,2×4K,97.3,94.8,2.6,1.0,4.3,2.6
Qwen3-4B,nothink,medium,4×2K,97.7,97.2,0.5,0.0,1.3,0.5
Qwen3-4B,nothink,medium,8×1K,95.1,92.1,3.1,0.0,7.6,3.2
Qwen3-4B,nothink,medium,16×500,88.4,79.1,9.3,2.3,18.6,10.5
Qwen3-4B,nothink,hard,2×4K,84.4,76.4,8.0,5.9,10.1,9.5
Qwen3-4B,nothink,hard,4×2K,86.6,77.5,9.1,6.0,12.3,10.5
Qwen3-4B,nothink,hard,8×1K,78.3,72.5,5.7,2.5,9.7,7.3
Qwen3-4B,nothink,hard,16×500,62.8,44.8,18.0,10.5,26.2,28.7
Qwen3-4B,nothink,all,2×4K,92.2,87.4,4.8,3.7,6.0,5.2
Qwen3-4B,nothink,all,4×2K,93.9,88.7,5.1,3.5,6.8,5.5
Qwen3-4B,nothink,all,8×1K,90.3,85.9,4.4,2.5,6.7,4.9
Qwen3-4B,nothink,all,16×500,81.9,70.0,11.9,7.9,16.0,14.5
