model,mode,difficulty,step,wrong@L (still thinking),fix rate,fix rate lo,fix rate hi,right@L (still thinking),break rate,break rate lo,break rate hi,net per 100 live,net per 100 live lo,net per 100 live hi
Qwen3-1.7B,think,easy,500→1K,382,61.3,47.1,75.6,994,1.8,0.8,3.2,15.7,10.2,21.5
Qwen3-1.7B,think,easy,1K→2K,166,37.3,22.4,58.6,1173,2.0,1.3,3.0,2.8,0.8,5.2
Qwen3-1.7B,think,easy,2K→4K,128,55.5,35.0,83.3,649,0.9,0.2,1.8,8.4,4.5,12.9
Qwen3-1.7B,think,easy,4K→8K,60,33.3,13.6,73.7,157,1.3,0.0,4.0,8.3,3.1,15.2
Qwen3-1.7B,think,easy,pooled,736,52.6,39.4,70.6,2973,1.7,1.0,2.6,9.1,6.7,11.5
Qwen3-1.7B,think,medium,500→1K,310,46.8,30.2,64.8,378,2.1,0.5,4.3,19.9,11.5,29.4
Qwen3-1.7B,think,medium,1K→2K,173,39.9,22.4,62.1,513,3.5,1.6,5.7,7.4,2.0,14.1
Qwen3-1.7B,think,medium,2K→4K,119,50.4,30.4,76.9,414,1.2,0.2,2.3,10.3,4.8,17.7
Qwen3-1.7B,think,medium,4K→8K,55,36.4,21.6,51.4,157,3.8,1.0,7.3,6.6,0.0,14.3
Qwen3-1.7B,think,medium,pooled,657,44.7,33.4,60.0,1462,2.5,1.6,3.7,12.1,8.8,15.6
Qwen3-1.7B,think,hard,500→1K,1089,35.3,27.0,44.2,287,9.1,3.0,17.9,26.0,18.9,33.5
Qwen3-1.7B,think,hard,1K→2K,731,30.4,21.3,40.4,645,5.1,3.0,8.0,13.7,8.9,19.0
Qwen3-1.7B,think,hard,2K→4K,542,38.6,29.5,48.5,756,4.4,2.3,6.8,13.6,8.9,18.6
Qwen3-1.7B,think,hard,4K→8K,363,41.0,30.2,52.5,493,3.9,1.3,7.4,15.2,10.0,20.4
Qwen3-1.7B,think,hard,pooled,2725,35.4,29.6,42.1,2181,5.1,3.3,7.2,17.4,15.2,19.7
Qwen3-1.7B,think,all,500→1K,1781,42.8,35.9,49.5,1659,3.1,1.8,4.8,20.7,16.6,25.0
Qwen3-1.7B,think,all,1K→2K,1070,33.0,25.9,41.5,2331,3.2,2.4,4.2,8.2,5.7,10.8
Qwen3-1.7B,think,all,2K→4K,789,43.1,35.2,52.0,1819,2.4,1.5,3.5,11.3,8.4,14.6
Qwen3-1.7B,think,all,4K→8K,478,39.5,30.4,49.1,807,3.3,1.7,5.6,12.6,8.7,16.6
Qwen3-1.7B,think,all,pooled,4118,39.9,35.0,45.4,6616,3.0,2.3,3.8,13.5,11.9,14.9
Qwen3-1.7B,nothink,easy,500→1K,163,53.4,33.6,73.1,136,11.8,4.1,20.8,23.7,9.1,39.9
Qwen3-1.7B,nothink,easy,1K→2K,37,37.8,15.6,75.0,31,16.1,0.0,34.8,13.2,-1.7,27.6
Qwen3-1.7B,nothink,easy,2K→4K,2,0.0,0.0,0.0,0,0.0,0.0,0.0,0.0,0.0,0.0
Qwen3-1.7B,nothink,easy,4K→8K,0,0.0,0.0,0.0,0,0.0,0.0,0.0,0.0,0.0,0.0
Qwen3-1.7B,nothink,easy,pooled,202,50.0,31.3,71.4,167,12.6,4.7,20.4,21.7,8.2,36.5
Qwen3-1.7B,nothink,medium,500→1K,213,46.0,32.3,63.2,95,3.2,0.0,7.3,30.8,21.4,41.1
Qwen3-1.7B,nothink,medium,1K→2K,90,41.1,19.0,70.1,36,13.9,0.0,32.3,25.4,7.4,44.9
Qwen3-1.7B,nothink,medium,2K→4K,29,13.8,0.0,33.3,15,6.7,0.0,7.7,6.8,-5.6,30.0
Qwen3-1.7B,nothink,medium,4K→8K,10,0.0,0.0,0.0,4,50.0,0.0,100.0,-14.3,-22.2,0.0
Qwen3-1.7B,nothink,medium,pooled,342,40.6,27.2,60.1,150,7.3,2.3,13.0,26.0,16.2,38.9
Qwen3-1.7B,nothink,hard,500→1K,847,35.3,25.6,45.9,145,9.0,2.3,19.4,28.8,20.5,37.7
Qwen3-1.7B,nothink,hard,1K→2K,414,21.3,12.0,32.7,44,25.0,8.8,43.3,16.8,7.9,26.5
Qwen3-1.7B,nothink,hard,2K→4K,157,14.6,6.7,24.8,13,38.5,11.1,66.7,10.6,1.7,20.5
Qwen3-1.7B,nothink,hard,4K→8K,42,0.0,0.0,0.0,1,0.0,0.0,0.0,0.0,0.0,0.0
Qwen3-1.7B,nothink,hard,pooled,1460,28.1,21.0,37.6,203,14.3,6.3,24.1,22.9,16.8,30.0
Qwen3-1.7B,nothink,all,500→1K,1223,39.6,31.7,47.9,376,8.5,4.4,13.7,28.3,22.0,34.8
Qwen3-1.7B,nothink,all,1K→2K,541,25.7,17.1,35.3,111,18.9,10.2,29.5,18.1,10.6,25.7
Qwen3-1.7B,nothink,all,2K→4K,188,14.4,6.8,23.8,28,21.4,8.1,50.0,9.7,2.1,18.5
Qwen3-1.7B,nothink,all,4K→8K,52,0.0,0.0,0.0,5,40.0,0.0,100.0,-3.5,-10.5,0.0
Qwen3-1.7B,nothink,all,pooled,2004,32.4,26.0,40.6,520,11.7,7.4,16.7,23.3,18.4,28.7
Qwen3-4B,think,easy,500→1K,381,55.4,40.5,70.4,995,2.3,0.9,4.1,13.7,8.3,19.4
Qwen3-4B,think,easy,1K→2K,193,62.2,44.3,81.2,1174,0.8,0.3,1.3,8.1,4.5,12.3
Qwen3-4B,think,easy,2K→4K,82,54.9,30.3,95.4,739,0.4,0.0,1.1,5.1,1.9,9.0
Qwen3-4B,think,easy,4K→8K,32,37.5,16.7,100.0,176,0.6,0.0,2.0,5.3,1.0,10.3
Qwen3-4B,think,easy,pooled,688,56.4,44.4,71.7,3084,1.2,0.6,1.8,9.3,6.7,12.0
Qwen3-4B,think,medium,500→1K,306,56.9,41.2,73.1,382,1.6,0.4,3.3,24.4,15.8,33.1
Qwen3-4B,think,medium,1K→2K,138,48.6,26.8,74.1,549,0.9,0.2,1.9,9.0,3.6,15.6
Qwen3-4B,think,medium,2K→4K,76,65.8,36.5,97.7,448,0.9,0.0,2.0,8.8,2.6,16.0
Qwen3-4B,think,medium,4K→8K,30,30.0,0.0,100.0,183,2.2,0.0,6.3,2.3,-3.4,11.4
Qwen3-4B,think,medium,pooled,550,54.5,41.3,69.9,1562,1.2,0.3,2.5,13.3,9.1,17.8
Qwen3-4B,think,hard,500→1K,1018,28.9,21.2,37.1,358,3.9,1.1,7.7,20.3,14.4,27.3
Qwen3-4B,think,hard,1K→2K,738,41.7,31.2,53.6,636,2.4,1.2,3.8,21.3,15.1,27.9
Qwen3-4B,think,hard,2K→4K,445,49.0,38.0,61.4,857,3.7,1.4,6.8,14.3,8.5,19.8
Qwen3-4B,think,hard,4K→8K,258,58.1,41.9,74.8,568,3.2,1.0,6.1,16.0,9.5,22.6
Qwen3-4B,think,hard,pooled,2459,39.4,33.9,45.4,2419,3.3,1.9,5.1,18.3,15.6,20.7
Qwen3-4B,think,all,500→1K,1705,39.8,33.4,46.3,1735,2.5,1.4,3.7,18.5,14.7,22.4
Qwen3-4B,think,all,1K→2K,1069,46.3,37.6,55.5,2359,1.2,0.8,1.7,13.6,10.5,16.9
Qwen3-4B,think,all,2K→4K,603,51.9,42.4,63.0,2044,1.9,0.9,3.2,10.4,7.1,13.6
Qwen3-4B,think,all,4K→8K,320,53.4,39.7,68.8,927,2.5,1.1,4.4,11.9,7.3,16.7
Qwen3-4B,think,all,pooled,3697,44.8,39.9,50.1,7065,1.9,1.3,2.6,14.2,12.4,15.9
Qwen3-4B,nothink,easy,500→1K,145,73.8,56.5,89.0,180,6.1,1.0,13.1,29.5,16.8,43.2
Qwen3-4B,nothink,easy,1K→2K,21,42.9,16.0,87.5,34,11.8,0.0,46.2,9.1,-1.3,32.0
Qwen3-4B,nothink,easy,2K→4K,6,0.0,0.0,0.0,1,0.0,0.0,0.0,0.0,0.0,0.0
Qwen3-4B,nothink,easy,4K→8K,1,0.0,0.0,0.0,0,0.0,0.0,0.0,0.0,0.0,0.0
Qwen3-4B,nothink,easy,pooled,173,67.1,50.0,86.6,215,7.0,0.8,16.3,26.0,14.4,39.5
Qwen3-4B,nothink,medium,500→1K,166,68.1,48.2,87.3,126,5.6,0.9,10.3,36.3,21.2,52.3
Qwen3-4B,nothink,medium,1K→2K,52,86.5,70.4,97.6,61,8.2,2.1,17.4,35.4,9.1,63.7
Qwen3-4B,nothink,medium,2K→4K,4,50.0,0.0,100.0,15,0.0,0.0,0.0,10.5,0.0,50.0
Qwen3-4B,nothink,medium,4K→8K,1,0.0,0.0,0.0,7,0.0,0.0,0.0,0.0,0.0,0.0
Qwen3-4B,nothink,medium,pooled,223,71.7,60.3,86.9,209,5.7,1.6,10.3,34.3,20.5,51.1
Qwen3-4B,nothink,hard,500→1K,787,46.1,35.1,57.9,249,11.6,2.7,22.2,32.2,23.3,41.6
Qwen3-4B,nothink,hard,1K→2K,389,29.0,19.4,40.2,99,10.1,1.1,26.5,21.1,13.1,29.9
Qwen3-4B,nothink,hard,2K→4K,156,34.6,16.3,52.7,26,15.4,0.0,30.6,27.5,9.7,44.2
Qwen3-4B,nothink,hard,4K→8K,30,13.3,0.0,45.5,5,0.0,0.0,0.0,11.4,0.0,34.8
Qwen3-4B,nothink,hard,pooled,1362,39.2,31.3,49.4,379,11.3,3.7,19.0,28.2,21.9,35.2
Qwen3-4B,nothink,all,500→1K,1098,53.1,44.1,62.1,555,8.5,3.8,14.0,32.4,25.7,39.3
Qwen3-4B,nothink,all,1K→2K,462,36.1,26.0,47.2,194,9.8,3.2,19.5,22.6,15.0,31.3
Qwen3-4B,nothink,all,2K→4K,166,33.7,16.2,50.9,42,9.5,0.0,22.2,25.0,9.5,40.5
Qwen3-4B,nothink,all,4K→8K,32,12.5,0.0,38.1,12,0.0,0.0,0.0,9.1,0.0,25.0
Qwen3-4B,nothink,all,pooled,1758,46.1,38.7,54.6,803,8.7,4.4,13.7,28.9,23.6,34.6
