model,mode,difficulty,L,% truncated,acc natural-finish %,acc forced %,% no answer among forced,tokens/sample,acc/sample (maj@1) %
Qwen3-1.7B,think,easy,8000,3.3,98.5,44.4,0.0,2735,96.7
Qwen3-1.7B,think,easy,4000,15.8,99.7,72.4,0.0,2407,95.4
Qwen3-1.7B,think,easy,2000,56.5,100.0,83.5,0.0,1788,90.7
Qwen3-1.7B,think,easy,1000,97.3,100.0,87.6,0.0,1009,87.9
Qwen3-1.7B,think,easy,500,100.0,,72.2,0.0,510,72.2
Qwen3-1.7B,think,medium,8000,16.7,96.5,71.3,0.0,3789,92.3
Qwen3-1.7B,think,medium,4000,30.8,97.5,74.1,0.0,2908,90.3
Qwen3-1.7B,think,medium,2000,77.5,98.1,77.7,0.0,1925,82.3
Qwen3-1.7B,think,medium,1000,99.7,100.0,74.8,0.0,1013,74.9
Qwen3-1.7B,think,medium,500,100.0,,54.9,0.0,514,54.9
Qwen3-1.7B,think,hard,8000,30.0,97.0,49.9,0.0,5243,82.8
Qwen3-1.7B,think,hard,4000,62.2,99.4,57.6,0.0,3519,73.4
Qwen3-1.7B,think,hard,2000,94.3,100.0,58.2,0.0,1996,60.6
Qwen3-1.7B,think,hard,1000,100.0,,46.9,0.0,1016,46.9
Qwen3-1.7B,think,hard,500,100.0,,20.9,0.0,517,20.9
Qwen3-1.7B,think,all,8000,16.7,97.6,53.8,0.0,3949,90.3
Qwen3-1.7B,think,all,4000,37.4,99.2,62.8,0.0,2952,85.6
Qwen3-1.7B,think,all,2000,75.8,99.6,69.7,0.0,1898,77.0
Qwen3-1.7B,think,all,1000,98.9,100.0,68.5,0.0,1013,68.9
Qwen3-1.7B,think,all,500,100.0,,48.2,0.0,513,48.2
Qwen3-1.7B,nothink,easy,8000,0.0,89.4,,,403,89.4
Qwen3-1.7B,nothink,easy,4000,0.0,89.4,,,403,89.4
Qwen3-1.7B,nothink,easy,2000,0.1,89.5,0.0,0.0,403,89.4
Qwen3-1.7B,nothink,easy,1000,4.9,91.0,45.6,1.5,389,88.7
Qwen3-1.7B,nothink,easy,500,21.7,94.2,45.5,0.0,337,83.6
Qwen3-1.7B,nothink,medium,8000,0.1,81.2,0.0,0.0,736,81.1
Qwen3-1.7B,nothink,medium,4000,2.0,82.5,28.6,0.0,702,81.4
Qwen3-1.7B,nothink,medium,2000,6.4,84.2,34.1,0.0,625,81.0
Qwen3-1.7B,nothink,medium,1000,18.3,87.0,28.6,0.8,525,76.3
Qwen3-1.7B,nothink,medium,500,44.8,88.2,30.8,0.0,397,62.5
Qwen3-1.7B,nothink,hard,8000,1.5,64.8,0.0,4.8,1126,63.8
Qwen3-1.7B,nothink,hard,4000,3.1,65.8,2.3,0.0,1046,63.8
Qwen3-1.7B,nothink,hard,2000,12.4,70.2,7.6,0.6,922,62.5
Qwen3-1.7B,nothink,hard,1000,33.3,80.5,9.6,0.4,717,56.9
Qwen3-1.7B,nothink,hard,500,72.1,91.7,14.6,0.5,475,36.1
Qwen3-1.7B,nothink,all,8000,0.6,78.0,0.0,4.5,759,77.5
Qwen3-1.7B,nothink,all,4000,1.7,78.7,8.8,0.0,720,77.6
Qwen3-1.7B,nothink,all,2000,6.3,81.2,13.0,0.5,655,76.9
Qwen3-1.7B,nothink,all,1000,19.0,86.7,17.0,0.6,547,73.5
Qwen3-1.7B,nothink,all,500,46.5,92.4,23.5,0.3,404,60.4
Qwen3-4B,think,easy,8000,1.7,98.4,70.8,0.0,2666,97.9
Qwen3-4B,think,easy,4000,15.1,99.3,84.6,0.0,2455,97.1
Qwen3-4B,think,easy,2000,59.7,100.0,90.0,0.0,1824,94.0
Qwen3-4B,think,easy,1000,99.3,100.0,85.9,0.0,1014,86.0
Qwen3-4B,think,easy,500,100.0,,72.3,0.0,515,72.3
Qwen3-4B,think,medium,8000,9.6,97.6,84.8,0.0,3658,96.4
Qwen3-4B,think,medium,4000,31.0,100.0,85.9,0.0,2917,95.6
Qwen3-4B,think,medium,2000,76.2,100.0,85.5,0.0,1919,89.0
Qwen3-4B,think,medium,1000,99.9,100.0,79.9,0.0,1016,79.9
Qwen3-4B,think,medium,500,100.0,,55.5,0.0,517,55.5
Qwen3-4B,think,hard,8000,24.6,99.6,63.7,0.0,5079,90.8
Qwen3-4B,think,hard,4000,60.0,99.8,68.8,0.0,3525,81.2
Qwen3-4B,think,hard,2000,94.6,100.0,65.8,0.0,1999,67.7
Qwen3-4B,think,hard,1000,99.9,100.0,46.3,0.0,1019,46.4
Qwen3-4B,think,hard,500,100.0,,26.0,0.0,520,26.0
Qwen3-4B,think,all,8000,12.5,98.6,67.4,0.0,3830,94.7
Qwen3-4B,think,all,4000,36.2,99.6,74.3,0.0,2975,90.4
Qwen3-4B,think,all,2000,76.9,100.0,77.2,0.0,1913,82.5
Qwen3-4B,think,all,1000,99.7,100.0,68.8,0.0,1016,68.9
Qwen3-4B,think,all,500,100.0,,50.4,0.0,517,50.4
Qwen3-4B,nothink,easy,8000,0.1,94.7,0.0,0.0,420,94.6
Qwen3-4B,nothink,easy,4000,0.1,94.7,0.0,0.0,417,94.6
Qwen3-4B,nothink,easy,2000,0.5,95.0,14.3,0.0,413,94.6
Qwen3-4B,nothink,easy,1000,4.0,95.6,61.8,0.0,399,94.3
Qwen3-4B,nothink,easy,500,23.6,97.1,55.4,0.0,348,87.3
Qwen3-4B,nothink,medium,8000,0.3,94.8,100.0,0.0,648,94.8
Qwen3-4B,nothink,medium,4000,1.2,94.9,87.5,0.0,629,94.8
Qwen3-4B,nothink,medium,2000,2.8,94.9,78.9,0.0,596,94.5
Qwen3-4B,nothink,medium,1000,16.4,95.5,54.0,0.0,526,88.7
Qwen3-4B,nothink,medium,500,42.4,95.5,43.2,0.3,402,73.3
Qwen3-4B,nothink,hard,8000,2.0,77.8,18.5,0.0,1159,76.7
Qwen3-4B,nothink,hard,4000,2.5,78.0,14.3,0.0,1074,76.4
Qwen3-4B,nothink,hard,2000,13.2,81.7,14.3,0.0,958,72.7
Qwen3-4B,nothink,hard,1000,35.5,90.0,20.3,0.2,741,65.3
Qwen3-4B,nothink,hard,500,75.3,92.6,24.0,0.2,482,41.0
Qwen3-4B,nothink,all,8000,0.9,88.0,23.3,0.0,761,87.5
Qwen3-4B,nothink,all,4000,1.3,88.1,27.3,0.0,722,87.4
Qwen3-4B,nothink,all,2000,6.0,90.1,20.2,0.0,668,85.8
Qwen3-4B,nothink,all,1000,19.1,93.8,29.6,0.2,561,81.5
Qwen3-4B,nothink,all,500,48.1,95.9,33.6,0.2,413,66.0
