model,difficulty,shape,maj think,maj nothink,think − nothink,think − nothink lo,think − nothink hi,p,tokens think,tokens nothink
Qwen3-1.7B,easy,1×8K,96.7,89.4,7.3,3.0,12.4,0.0,2735,403
Qwen3-1.7B,easy,2×4K,95.4,89.4,6.0,1.5,10.9,0.008,4815,807
Qwen3-1.7B,easy,4×2K,92.7,90.8,1.9,-3.0,6.7,0.415,7152,1613
Qwen3-1.7B,easy,8×1K,91.1,91.0,0.1,-5.5,5.7,0.947,8070,3108
Qwen3-1.7B,easy,16×500,75.0,85.5,-10.5,-17.4,-4.1,0.001,8157,5392
Qwen3-1.7B,medium,1×8K,92.3,81.1,11.2,2.6,19.3,0.006,3789,736
Qwen3-1.7B,medium,2×4K,90.3,81.4,8.9,0.0,17.6,0.056,5816,1403
Qwen3-1.7B,medium,4×2K,86.0,85.6,0.4,-10.2,10.2,0.943,7700,2500
Qwen3-1.7B,medium,8×1K,77.0,82.1,-5.1,-15.3,4.4,0.29,8103,4198
Qwen3-1.7B,medium,16×500,59.3,65.1,-5.8,-19.8,7.0,0.413,8226,6360
Qwen3-1.7B,hard,1×8K,82.8,63.8,19.0,13.2,24.8,0.0,5243,1126
Qwen3-1.7B,hard,2×4K,73.4,63.8,9.6,3.9,15.1,0.002,7038,2091
Qwen3-1.7B,hard,4×2K,64.7,66.2,-1.5,-7.9,5.1,0.661,7983,3689
Qwen3-1.7B,hard,8×1K,51.6,62.5,-10.9,-19.2,-2.9,0.006,8129,5735
Qwen3-1.7B,hard,16×500,23.3,42.1,-18.8,-28.3,-9.5,0.0,8266,7596
Qwen3-1.7B,all,1×8K,90.3,77.5,12.8,9.4,16.4,0.0,3949,759
Qwen3-1.7B,all,2×4K,85.6,77.6,8.0,4.7,11.5,0.0,5904,1440
Qwen3-1.7B,all,4×2K,80.1,79.9,0.2,-3.4,4.2,0.919,7594,2621
Qwen3-1.7B,all,8×1K,72.5,77.8,-5.3,-9.6,-1.1,0.023,8100,4377
Qwen3-1.7B,all,16×500,51.2,64.0,-12.9,-18.5,-7.7,0.0,8214,6467
Qwen3-4B,easy,1×8K,97.9,94.6,3.3,0.1,6.8,0.045,2666,420
Qwen3-4B,easy,2×4K,97.1,94.6,2.5,-1.1,5.9,0.165,4910,835
Qwen3-4B,easy,4×2K,95.3,95.8,-0.5,-3.8,2.8,0.743,7298,1653
Qwen3-4B,easy,8×1K,89.0,96.1,-7.1,-12.8,-1.7,0.009,8111,3195
Qwen3-4B,easy,16×500,76.6,90.7,-14.1,-21.3,-7.6,0.0,8238,5573
Qwen3-4B,medium,1×8K,96.4,94.8,1.6,-5.4,8.4,0.659,3658,648
Qwen3-4B,medium,2×4K,95.6,94.8,0.9,-6.2,7.9,0.836,5834,1257
Qwen3-4B,medium,4×2K,91.2,97.2,-5.9,-14.2,1.7,0.127,7676,2386
Qwen3-4B,medium,8×1K,83.2,92.1,-8.8,-16.3,-3.0,0.0,8129,4206
Qwen3-4B,medium,16×500,62.4,79.1,-16.7,-28.3,-5.8,0.002,8276,6437
Qwen3-4B,hard,1×8K,90.8,76.7,14.1,8.9,19.8,0.0,5079,1159
Qwen3-4B,hard,2×4K,81.2,76.4,4.8,0.3,9.6,0.039,7051,2147
Qwen3-4B,hard,4×2K,70.3,77.5,-7.2,-14.4,-0.0,0.049,7997,3830
Qwen3-4B,hard,8×1K,50.1,72.5,-22.4,-30.8,-14.1,0.0,8151,5931
Qwen3-4B,hard,16×500,25.6,44.8,-19.2,-28.5,-10.5,0.0,8317,7714
Qwen3-4B,all,1×8K,94.7,87.5,7.3,4.5,10.1,0.0,3830,761
Qwen3-4B,all,2×4K,90.4,87.4,3.1,0.3,5.9,0.028,5951,1444
Qwen3-4B,all,4×2K,84.5,88.7,-4.3,-7.8,-0.9,0.013,7653,2670
Qwen3-4B,all,8×1K,72.3,85.9,-13.5,-17.9,-9.4,0.0,8130,4492
Qwen3-4B,all,16×500,53.3,70.0,-16.7,-22.2,-11.7,0.0,8277,6602
