model,difficulty,mode,config,N,L,on diagonal,tokens measured,maj@N,pareto
Qwen3-1.7B,easy,nothink,1×500,1,500,False,337,83.6,True
Qwen3-1.7B,easy,nothink,1×1K,1,1000,False,389,88.7,True
Qwen3-1.7B,easy,nothink,1×8K,1,8000,True,403,89.4,True
Qwen3-1.7B,easy,nothink,1×4K,1,4000,False,403,89.4,False
Qwen3-1.7B,easy,nothink,1×2K,1,2000,False,403,89.4,False
Qwen3-1.7B,easy,think,1×500,1,500,False,510,72.2,False
Qwen3-1.7B,easy,nothink,2×500,2,500,False,674,83.6,False
Qwen3-1.7B,easy,nothink,2×1K,2,1000,False,777,88.8,False
Qwen3-1.7B,easy,nothink,2×2K,2,2000,False,806,89.4,False
Qwen3-1.7B,easy,nothink,2×8K,2,8000,False,807,89.4,False
Qwen3-1.7B,easy,nothink,2×4K,2,4000,True,807,89.4,False
Qwen3-1.7B,easy,think,1×1K,1,1000,False,1009,87.9,False
Qwen3-1.7B,easy,think,2×500,2,500,False,1020,72.2,False
Qwen3-1.7B,easy,nothink,4×500,4,500,False,1348,85.6,False
Qwen3-1.7B,easy,nothink,4×1K,4,1000,False,1554,90.5,True
Qwen3-1.7B,easy,nothink,4×8K,4,8000,False,1613,90.8,True
Qwen3-1.7B,easy,nothink,4×4K,4,4000,False,1613,90.8,False
Qwen3-1.7B,easy,nothink,4×2K,4,2000,True,1613,90.8,False
Qwen3-1.7B,easy,think,1×2K,1,2000,False,1788,90.7,False
Qwen3-1.7B,easy,think,2×1K,2,1000,False,2018,87.9,False
Qwen3-1.7B,easy,think,4×500,4,500,False,2039,74.2,False
Qwen3-1.7B,easy,think,1×4K,1,4000,False,2407,95.4,True
Qwen3-1.7B,easy,nothink,8×500,8,500,False,2696,86.1,False
Qwen3-1.7B,easy,think,1×8K,1,8000,True,2735,96.7,True
Qwen3-1.7B,easy,nothink,8×1K,8,1000,True,3108,91.0,False
Qwen3-1.7B,easy,nothink,8×2K,8,2000,False,3225,91.3,False
Qwen3-1.7B,easy,nothink,8×8K,8,8000,False,3226,91.3,False
Qwen3-1.7B,easy,nothink,8×4K,8,4000,False,3226,91.3,False
Qwen3-1.7B,easy,think,2×2K,2,2000,False,3576,90.7,False
Qwen3-1.7B,easy,think,4×1K,4,1000,False,4035,90.5,False
Qwen3-1.7B,easy,think,8×500,8,500,False,4079,74.9,False
Qwen3-1.7B,easy,think,2×4K,2,4000,True,4815,95.4,False
Qwen3-1.7B,easy,nothink,16×500,16,500,True,5392,85.5,False
Qwen3-1.7B,easy,think,2×8K,2,8000,False,5469,96.7,False
Qwen3-1.7B,easy,nothink,16×1K,16,1000,False,6217,91.3,False
Qwen3-1.7B,easy,nothink,16×2K,16,2000,False,6450,91.3,False
Qwen3-1.7B,easy,nothink,16×8K,16,8000,False,6453,91.3,False
Qwen3-1.7B,easy,nothink,16×4K,16,4000,False,6453,91.3,False
Qwen3-1.7B,easy,think,4×2K,4,2000,True,7152,92.7,False
Qwen3-1.7B,easy,think,8×1K,8,1000,True,8070,91.1,False
Qwen3-1.7B,easy,think,16×500,16,500,True,8157,75.0,False
Qwen3-1.7B,easy,think,4×4K,4,4000,False,9629,96.3,False
Qwen3-1.7B,easy,think,4×8K,4,8000,False,10938,97.2,True
Qwen3-1.7B,easy,think,8×2K,8,2000,False,14304,93.0,False
Qwen3-1.7B,easy,think,16×1K,16,1000,False,16140,91.9,False
Qwen3-1.7B,easy,think,8×4K,8,4000,False,19259,96.5,False
Qwen3-1.7B,easy,think,8×8K,8,8000,False,21876,97.4,True
Qwen3-1.7B,easy,think,16×2K,16,2000,False,28609,93.0,False
Qwen3-1.7B,easy,think,16×4K,16,4000,False,38517,96.5,False
Qwen3-1.7B,easy,think,16×8K,16,8000,False,43752,97.7,True
Qwen3-1.7B,medium,nothink,1×500,1,500,False,397,62.5,True
Qwen3-1.7B,medium,think,1×500,1,500,False,514,54.9,False
Qwen3-1.7B,medium,nothink,1×1K,1,1000,False,525,76.3,True
Qwen3-1.7B,medium,nothink,1×2K,1,2000,False,625,81.0,True
Qwen3-1.7B,medium,nothink,1×4K,1,4000,False,702,81.4,True
Qwen3-1.7B,medium,nothink,1×8K,1,8000,True,736,81.1,False
Qwen3-1.7B,medium,nothink,2×500,2,500,False,795,62.5,False
Qwen3-1.7B,medium,think,1×1K,1,1000,False,1013,74.9,False
Qwen3-1.7B,medium,think,2×500,2,500,False,1028,54.9,False
Qwen3-1.7B,medium,nothink,2×1K,2,1000,False,1049,76.3,False
Qwen3-1.7B,medium,nothink,2×2K,2,2000,False,1250,81.0,False
Qwen3-1.7B,medium,nothink,2×4K,2,4000,True,1403,81.4,False
Qwen3-1.7B,medium,nothink,2×8K,2,8000,False,1472,81.1,False
Qwen3-1.7B,medium,nothink,4×500,4,500,False,1590,65.1,False
Qwen3-1.7B,medium,think,1×2K,1,2000,False,1925,82.3,True
Qwen3-1.7B,medium,think,2×1K,2,1000,False,2026,74.9,False
Qwen3-1.7B,medium,think,4×500,4,500,False,2056,57.0,False
Qwen3-1.7B,medium,nothink,4×1K,4,1000,False,2099,80.2,False
Qwen3-1.7B,medium,nothink,4×2K,4,2000,True,2500,85.6,True
Qwen3-1.7B,medium,nothink,4×4K,4,4000,False,2806,86.5,True
Qwen3-1.7B,medium,think,1×4K,1,4000,False,2908,90.3,True
Qwen3-1.7B,medium,nothink,4×8K,4,8000,False,2945,86.2,False
Qwen3-1.7B,medium,nothink,8×500,8,500,False,3180,65.6,False
Qwen3-1.7B,medium,think,1×8K,1,8000,True,3789,92.3,True
Qwen3-1.7B,medium,think,2×2K,2,2000,False,3850,82.3,False
Qwen3-1.7B,medium,think,4×1K,4,1000,False,4052,77.1,False
Qwen3-1.7B,medium,think,8×500,8,500,False,4113,58.5,False
Qwen3-1.7B,medium,nothink,8×1K,8,1000,True,4198,82.1,False
Qwen3-1.7B,medium,nothink,8×2K,8,2000,False,5000,88.4,False
Qwen3-1.7B,medium,nothink,8×4K,8,4000,False,5612,89.0,False
Qwen3-1.7B,medium,think,2×4K,2,4000,True,5816,90.3,False
Qwen3-1.7B,medium,nothink,8×8K,8,8000,False,5890,88.6,False
Qwen3-1.7B,medium,nothink,16×500,16,500,True,6360,65.1,False
Qwen3-1.7B,medium,think,2×8K,2,8000,False,7579,92.3,False
Qwen3-1.7B,medium,think,4×2K,4,2000,True,7700,86.0,False
Qwen3-1.7B,medium,think,8×1K,8,1000,True,8103,77.0,False
Qwen3-1.7B,medium,think,16×500,16,500,True,8226,59.3,False
Qwen3-1.7B,medium,nothink,16×1K,16,1000,False,8395,83.7,False
Qwen3-1.7B,medium,nothink,16×2K,16,2000,False,10000,91.9,False
Qwen3-1.7B,medium,nothink,16×4K,16,4000,False,11225,93.0,True
Qwen3-1.7B,medium,think,4×4K,4,4000,False,11632,92.0,False
Qwen3-1.7B,medium,nothink,16×8K,16,8000,False,11780,93.0,False
Qwen3-1.7B,medium,think,4×8K,4,8000,False,15158,94.7,True
Qwen3-1.7B,medium,think,8×2K,8,2000,False,15400,87.2,False
Qwen3-1.7B,medium,think,16×1K,16,1000,False,16206,76.7,False
Qwen3-1.7B,medium,think,8×4K,8,4000,False,23265,92.2,False
Qwen3-1.7B,medium,think,8×8K,8,8000,False,30315,95.3,True
Qwen3-1.7B,medium,think,16×2K,16,2000,False,30799,87.2,False
Qwen3-1.7B,medium,think,16×4K,16,4000,False,46530,93.0,False
Qwen3-1.7B,medium,think,16×8K,16,8000,False,60630,95.3,False
Qwen3-1.7B,hard,nothink,1×500,1,500,False,475,36.1,True
Qwen3-1.7B,hard,think,1×500,1,500,False,517,20.9,False
Qwen3-1.7B,hard,nothink,1×1K,1,1000,False,717,56.9,True
Qwen3-1.7B,hard,nothink,1×2K,1,2000,False,922,62.5,True
Qwen3-1.7B,hard,nothink,2×500,2,500,False,950,36.2,False
Qwen3-1.7B,hard,think,1×1K,1,1000,False,1016,46.9,False
Qwen3-1.7B,hard,think,2×500,2,500,False,1033,20.9,False
Qwen3-1.7B,hard,nothink,1×4K,1,4000,False,1046,63.8,True
Qwen3-1.7B,hard,nothink,1×8K,1,8000,True,1126,63.8,False
Qwen3-1.7B,hard,nothink,2×1K,2,1000,False,1434,56.9,False
Qwen3-1.7B,hard,nothink,2×2K,2,2000,False,1845,62.5,False
Qwen3-1.7B,hard,nothink,4×500,4,500,False,1899,39.8,False
Qwen3-1.7B,hard,think,1×2K,1,2000,False,1996,60.6,False
Qwen3-1.7B,hard,think,2×1K,2,1000,False,2032,46.9,False
Qwen3-1.7B,hard,think,4×500,4,500,False,2066,22.3,False
Qwen3-1.7B,hard,nothink,2×4K,2,4000,True,2091,63.8,False
Qwen3-1.7B,hard,nothink,2×8K,2,8000,False,2253,63.8,False
Qwen3-1.7B,hard,nothink,4×1K,4,1000,False,2867,60.5,False
Qwen3-1.7B,hard,think,1×4K,1,4000,False,3519,73.4,True
Qwen3-1.7B,hard,nothink,4×2K,4,2000,True,3689,66.2,False
Qwen3-1.7B,hard,nothink,8×500,8,500,False,3798,41.9,False
Qwen3-1.7B,hard,think,2×2K,2,2000,False,3991,60.6,False
Qwen3-1.7B,hard,think,4×1K,4,1000,False,4065,50.3,False
Qwen3-1.7B,hard,think,8×500,8,500,False,4133,22.9,False
Qwen3-1.7B,hard,nothink,4×4K,4,4000,False,4183,68.0,False
Qwen3-1.7B,hard,nothink,4×8K,4,8000,False,4506,68.0,False
Qwen3-1.7B,hard,think,1×8K,1,8000,True,5243,82.8,True
Qwen3-1.7B,hard,nothink,8×1K,8,1000,True,5735,62.5,False
Qwen3-1.7B,hard,think,2×4K,2,4000,True,7038,73.4,False
Qwen3-1.7B,hard,nothink,8×2K,8,2000,False,7379,67.9,False
Qwen3-1.7B,hard,nothink,16×500,16,500,True,7596,42.1,False
Qwen3-1.7B,hard,think,4×2K,4,2000,True,7983,64.7,False
Qwen3-1.7B,hard,think,8×1K,8,1000,True,8129,51.6,False
Qwen3-1.7B,hard,think,16×500,16,500,True,8266,23.3,False
Qwen3-1.7B,hard,nothink,8×4K,8,4000,False,8366,70.6,False
Qwen3-1.7B,hard,nothink,8×8K,8,8000,False,9011,70.7,False
Qwen3-1.7B,hard,think,2×8K,2,8000,False,10486,82.8,False
Qwen3-1.7B,hard,nothink,16×1K,16,1000,False,11470,65.1,False
Qwen3-1.7B,hard,think,4×4K,4,4000,False,14075,77.6,False
Qwen3-1.7B,hard,nothink,16×2K,16,2000,False,14758,70.3,False
Qwen3-1.7B,hard,think,8×2K,8,2000,False,15965,65.5,False
Qwen3-1.7B,hard,think,16×1K,16,1000,False,16259,51.0,False
Qwen3-1.7B,hard,nothink,16×4K,16,4000,False,16732,73.3,False
Qwen3-1.7B,hard,nothink,16×8K,16,8000,False,18022,73.3,False
Qwen3-1.7B,hard,think,4×8K,4,8000,False,20972,87.9,True
Qwen3-1.7B,hard,think,8×4K,8,4000,False,28150,79.3,False
Qwen3-1.7B,hard,think,16×2K,16,2000,False,31930,66.3,False
Qwen3-1.7B,hard,think,8×8K,8,8000,False,41943,89.9,True
Qwen3-1.7B,hard,think,16×4K,16,4000,False,56300,79.7,False
Qwen3-1.7B,hard,think,16×8K,16,8000,False,83886,90.7,True
Qwen3-1.7B,all,nothink,1×500,1,500,False,404,60.4,True
Qwen3-1.7B,all,think,1×500,1,500,False,513,48.2,False
Qwen3-1.7B,all,nothink,1×1K,1,1000,False,547,73.5,True
Qwen3-1.7B,all,nothink,1×2K,1,2000,False,655,76.9,True
Qwen3-1.7B,all,nothink,1×4K,1,4000,False,720,77.6,True
Qwen3-1.7B,all,nothink,1×8K,1,8000,True,759,77.5,False
Qwen3-1.7B,all,nothink,2×500,2,500,False,808,60.4,False
Qwen3-1.7B,all,think,1×1K,1,1000,False,1013,68.9,False
Qwen3-1.7B,all,think,2×500,2,500,False,1027,48.2,False
Qwen3-1.7B,all,nothink,2×1K,2,1000,False,1094,73.6,False
Qwen3-1.7B,all,nothink,2×2K,2,2000,False,1310,76.9,False
Qwen3-1.7B,all,nothink,2×4K,2,4000,True,1440,77.6,False
Qwen3-1.7B,all,nothink,2×8K,2,8000,False,1518,77.5,False
Qwen3-1.7B,all,nothink,4×500,4,500,False,1617,63.2,False
Qwen3-1.7B,all,think,1×2K,1,2000,False,1898,77.0,False
Qwen3-1.7B,all,think,2×1K,2,1000,False,2025,68.9,False
Qwen3-1.7B,all,think,4×500,4,500,False,2054,50.0,False
Qwen3-1.7B,all,nothink,4×1K,4,1000,False,2188,76.5,False
Qwen3-1.7B,all,nothink,4×2K,4,2000,True,2621,79.9,True
Qwen3-1.7B,all,nothink,4×4K,4,4000,False,2880,80.8,True
Qwen3-1.7B,all,think,1×4K,1,4000,False,2952,85.6,True
Qwen3-1.7B,all,nothink,4×8K,4,8000,False,3036,80.8,False
Qwen3-1.7B,all,nothink,8×500,8,500,False,3233,64.3,False
Qwen3-1.7B,all,think,2×2K,2,2000,False,3797,77.0,False
Qwen3-1.7B,all,think,1×8K,1,8000,True,3949,90.3,True
Qwen3-1.7B,all,think,4×1K,4,1000,False,4050,71.7,False
Qwen3-1.7B,all,think,8×500,8,500,False,4107,50.8,False
Qwen3-1.7B,all,nothink,8×1K,8,1000,True,4377,77.8,False
Qwen3-1.7B,all,nothink,8×2K,8,2000,False,5242,81.4,False
Qwen3-1.7B,all,nothink,8×4K,8,4000,False,5759,82.6,False
Qwen3-1.7B,all,think,2×4K,2,4000,True,5904,85.6,False
Qwen3-1.7B,all,nothink,8×8K,8,8000,False,6073,82.5,False
Qwen3-1.7B,all,nothink,16×500,16,500,True,6467,64.0,False
Qwen3-1.7B,all,think,4×2K,4,2000,True,7594,80.1,False
Qwen3-1.7B,all,think,2×8K,2,8000,False,7898,90.3,False
Qwen3-1.7B,all,think,8×1K,8,1000,True,8100,72.5,False
Qwen3-1.7B,all,think,16×500,16,500,True,8214,51.2,False
Qwen3-1.7B,all,nothink,16×1K,16,1000,False,8754,79.3,False
Qwen3-1.7B,all,nothink,16×2K,16,2000,False,10483,83.0,False
Qwen3-1.7B,all,nothink,16×4K,16,4000,False,11519,84.4,False
Qwen3-1.7B,all,think,4×4K,4,4000,False,11808,88.0,False
Qwen3-1.7B,all,nothink,16×8K,16,8000,False,12146,84.4,False
Qwen3-1.7B,all,think,8×2K,8,2000,False,15188,80.9,False
Qwen3-1.7B,all,think,4×8K,4,8000,False,15795,93.0,True
Qwen3-1.7B,all,think,16×1K,16,1000,False,16201,72.5,False
Qwen3-1.7B,all,think,8×4K,8,4000,False,23616,88.7,False
Qwen3-1.7B,all,think,16×2K,16,2000,False,30376,81.2,False
Qwen3-1.7B,all,think,8×8K,8,8000,False,31591,94.0,True
Qwen3-1.7B,all,think,16×4K,16,4000,False,47233,89.1,False
Qwen3-1.7B,all,think,16×8K,16,8000,False,63181,94.4,True
Qwen3-4B,easy,nothink,1×500,1,500,False,348,87.3,True
Qwen3-4B,easy,nothink,1×1K,1,1000,False,399,94.3,True
Qwen3-4B,easy,nothink,1×2K,1,2000,False,413,94.6,True
Qwen3-4B,easy,nothink,1×4K,1,4000,False,417,94.6,False
Qwen3-4B,easy,nothink,1×8K,1,8000,True,420,94.6,False
Qwen3-4B,easy,think,1×500,1,500,False,515,72.3,False
Qwen3-4B,easy,nothink,2×500,2,500,False,697,87.3,False
Qwen3-4B,easy,nothink,2×1K,2,1000,False,799,94.3,False
Qwen3-4B,easy,nothink,2×2K,2,2000,False,826,94.6,False
Qwen3-4B,easy,nothink,2×4K,2,4000,True,835,94.6,False
Qwen3-4B,easy,nothink,2×8K,2,8000,False,840,94.6,False
Qwen3-4B,easy,think,1×1K,1,1000,False,1014,86.0,False
Qwen3-4B,easy,think,2×500,2,500,False,1030,72.3,False
Qwen3-4B,easy,nothink,4×500,4,500,False,1393,89.1,False
Qwen3-4B,easy,nothink,4×1K,4,1000,False,1597,95.6,True
Qwen3-4B,easy,nothink,4×2K,4,2000,True,1653,95.8,True
Qwen3-4B,easy,nothink,4×4K,4,4000,False,1669,95.7,False
Qwen3-4B,easy,nothink,4×8K,4,8000,False,1681,95.7,False
Qwen3-4B,easy,think,1×2K,1,2000,False,1824,94.0,False
Qwen3-4B,easy,think,2×1K,2,1000,False,2028,86.0,False
Qwen3-4B,easy,think,4×500,4,500,False,2060,74.4,False
Qwen3-4B,easy,think,1×4K,1,4000,False,2455,97.1,True
Qwen3-4B,easy,think,1×8K,1,8000,True,2666,97.9,True
Qwen3-4B,easy,nothink,8×500,8,500,False,2786,90.4,False
Qwen3-4B,easy,nothink,8×1K,8,1000,True,3195,96.1,False
Qwen3-4B,easy,nothink,8×2K,8,2000,False,3306,96.2,False
Qwen3-4B,easy,nothink,8×4K,8,4000,False,3339,96.2,False
Qwen3-4B,easy,nothink,8×8K,8,8000,False,3362,96.2,False
Qwen3-4B,easy,think,2×2K,2,2000,False,3649,94.0,False
Qwen3-4B,easy,think,4×1K,4,1000,False,4055,88.1,False
Qwen3-4B,easy,think,8×500,8,500,False,4119,75.8,False
Qwen3-4B,easy,think,2×4K,2,4000,True,4910,97.1,False
Qwen3-4B,easy,think,2×8K,2,8000,False,5332,97.9,False
Qwen3-4B,easy,nothink,16×500,16,500,True,5573,90.7,False
Qwen3-4B,easy,nothink,16×1K,16,1000,False,6390,95.9,False
Qwen3-4B,easy,nothink,16×2K,16,2000,False,6611,95.9,False
Qwen3-4B,easy,nothink,16×4K,16,4000,False,6677,95.9,False
Qwen3-4B,easy,nothink,16×8K,16,8000,False,6724,95.9,False
Qwen3-4B,easy,think,4×2K,4,2000,True,7298,95.3,False
Qwen3-4B,easy,think,8×1K,8,1000,True,8111,89.0,False
Qwen3-4B,easy,think,16×500,16,500,True,8238,76.6,False
Qwen3-4B,easy,think,4×4K,4,4000,False,9820,97.2,False
Qwen3-4B,easy,think,4×8K,4,8000,False,10664,97.8,False
Qwen3-4B,easy,think,8×2K,8,2000,False,14595,95.4,False
Qwen3-4B,easy,think,16×1K,16,1000,False,16222,89.5,False
Qwen3-4B,easy,think,8×4K,8,4000,False,19639,96.9,False
Qwen3-4B,easy,think,8×8K,8,8000,False,21328,97.6,False
Qwen3-4B,easy,think,16×2K,16,2000,False,29191,94.8,False
Qwen3-4B,easy,think,16×4K,16,4000,False,39279,96.5,False
Qwen3-4B,easy,think,16×8K,16,8000,False,42656,97.7,False
Qwen3-4B,medium,nothink,1×500,1,500,False,402,73.3,True
Qwen3-4B,medium,think,1×500,1,500,False,517,55.5,False
Qwen3-4B,medium,nothink,1×1K,1,1000,False,526,88.7,True
Qwen3-4B,medium,nothink,1×2K,1,2000,False,596,94.5,True
Qwen3-4B,medium,nothink,1×4K,1,4000,False,629,94.8,True
Qwen3-4B,medium,nothink,1×8K,1,8000,True,648,94.8,False
Qwen3-4B,medium,nothink,2×500,2,500,False,805,73.3,False
Qwen3-4B,medium,think,1×1K,1,1000,False,1016,79.9,False
Qwen3-4B,medium,think,2×500,2,500,False,1034,55.5,False
Qwen3-4B,medium,nothink,2×1K,2,1000,False,1051,88.7,False
Qwen3-4B,medium,nothink,2×2K,2,2000,False,1193,94.5,False
Qwen3-4B,medium,nothink,2×4K,2,4000,True,1257,94.8,False
Qwen3-4B,medium,nothink,2×8K,2,8000,False,1296,94.8,False
Qwen3-4B,medium,nothink,4×500,4,500,False,1609,76.5,False
Qwen3-4B,medium,think,1×2K,1,2000,False,1919,89.0,False
Qwen3-4B,medium,think,2×1K,2,1000,False,2032,79.9,False
Qwen3-4B,medium,think,4×500,4,500,False,2069,57.3,False
Qwen3-4B,medium,nothink,4×1K,4,1000,False,2103,91.3,False
Qwen3-4B,medium,nothink,4×2K,4,2000,True,2386,97.2,True
Qwen3-4B,medium,nothink,4×4K,4,4000,False,2515,97.2,False
Qwen3-4B,medium,nothink,4×8K,4,8000,False,2593,97.2,False
Qwen3-4B,medium,think,1×4K,1,4000,False,2917,95.6,False
Qwen3-4B,medium,nothink,8×500,8,500,False,3218,77.5,False
Qwen3-4B,medium,think,1×8K,1,8000,True,3658,96.4,False
Qwen3-4B,medium,think,2×2K,2,2000,False,3838,89.0,False
Qwen3-4B,medium,think,4×1K,4,1000,False,4064,82.2,False
Qwen3-4B,medium,think,8×500,8,500,False,4138,59.4,False
Qwen3-4B,medium,nothink,8×1K,8,1000,True,4206,92.1,False
Qwen3-4B,medium,nothink,8×2K,8,2000,False,4771,97.6,True
Qwen3-4B,medium,nothink,8×4K,8,4000,False,5030,97.6,False
Qwen3-4B,medium,nothink,8×8K,8,8000,False,5186,97.6,False
Qwen3-4B,medium,think,2×4K,2,4000,True,5834,95.6,False
Qwen3-4B,medium,nothink,16×500,16,500,True,6437,79.1,False
Qwen3-4B,medium,think,2×8K,2,8000,False,7317,96.4,False
Qwen3-4B,medium,think,4×2K,4,2000,True,7676,91.2,False
Qwen3-4B,medium,think,8×1K,8,1000,True,8129,83.2,False
Qwen3-4B,medium,think,16×500,16,500,True,8276,62.4,False
Qwen3-4B,medium,nothink,16×1K,16,1000,False,8412,90.7,False
Qwen3-4B,medium,nothink,16×2K,16,2000,False,9543,97.7,True
Qwen3-4B,medium,nothink,16×4K,16,4000,False,10060,97.7,False
Qwen3-4B,medium,nothink,16×8K,16,8000,False,10371,97.7,False
Qwen3-4B,medium,think,4×4K,4,4000,False,11668,96.7,False
Qwen3-4B,medium,think,4×8K,4,8000,False,14634,97.0,False
Qwen3-4B,medium,think,8×2K,8,2000,False,15351,92.6,False
Qwen3-4B,medium,think,16×1K,16,1000,False,16258,86.0,False
Qwen3-4B,medium,think,8×4K,8,4000,False,23336,97.1,False
Qwen3-4B,medium,think,8×8K,8,8000,False,29268,97.5,False
Qwen3-4B,medium,think,16×2K,16,2000,False,30703,94.2,False
Qwen3-4B,medium,think,16×4K,16,4000,False,46672,97.7,False
Qwen3-4B,medium,think,16×8K,16,8000,False,58535,97.7,False
Qwen3-4B,hard,nothink,1×500,1,500,False,482,41.0,True
Qwen3-4B,hard,think,1×500,1,500,False,520,26.0,False
Qwen3-4B,hard,nothink,1×1K,1,1000,False,741,65.3,True
Qwen3-4B,hard,nothink,1×2K,1,2000,False,958,72.7,True
Qwen3-4B,hard,nothink,2×500,2,500,False,964,41.0,False
Qwen3-4B,hard,think,1×1K,1,1000,False,1019,46.4,False
Qwen3-4B,hard,think,2×500,2,500,False,1040,26.0,False
Qwen3-4B,hard,nothink,1×4K,1,4000,False,1074,76.4,True
Qwen3-4B,hard,nothink,1×8K,1,8000,True,1159,76.7,True
Qwen3-4B,hard,nothink,2×1K,2,1000,False,1483,65.3,False
Qwen3-4B,hard,nothink,2×2K,2,2000,False,1915,72.7,False
Qwen3-4B,hard,nothink,4×500,4,500,False,1928,43.6,False
Qwen3-4B,hard,think,1×2K,1,2000,False,1999,67.7,False
Qwen3-4B,hard,think,2×1K,2,1000,False,2038,46.4,False
Qwen3-4B,hard,think,4×500,4,500,False,2079,26.0,False
Qwen3-4B,hard,nothink,2×4K,2,4000,True,2147,76.4,False
Qwen3-4B,hard,nothink,2×8K,2,8000,False,2317,76.7,False
Qwen3-4B,hard,nothink,4×1K,4,1000,False,2966,69.5,False
Qwen3-4B,hard,think,1×4K,1,4000,False,3525,81.2,True
Qwen3-4B,hard,nothink,4×2K,4,2000,True,3830,77.5,False
Qwen3-4B,hard,nothink,8×500,8,500,False,3857,45.1,False
Qwen3-4B,hard,think,2×2K,2,2000,False,3999,67.7,False
Qwen3-4B,hard,think,4×1K,4,1000,False,4075,49.0,False
Qwen3-4B,hard,think,8×500,8,500,False,4159,25.7,False
Qwen3-4B,hard,nothink,4×4K,4,4000,False,4294,81.9,True
Qwen3-4B,hard,nothink,4×8K,4,8000,False,4634,82.2,True
Qwen3-4B,hard,think,1×8K,1,8000,True,5079,90.8,True
Qwen3-4B,hard,nothink,8×1K,8,1000,True,5931,72.5,False
Qwen3-4B,hard,think,2×4K,2,4000,True,7051,81.2,False
Qwen3-4B,hard,nothink,8×2K,8,2000,False,7661,80.9,False
Qwen3-4B,hard,nothink,16×500,16,500,True,7714,44.8,False
Qwen3-4B,hard,think,4×2K,4,2000,True,7997,70.3,False
Qwen3-4B,hard,think,8×1K,8,1000,True,8151,50.1,False
Qwen3-4B,hard,think,16×500,16,500,True,8317,25.6,False
Qwen3-4B,hard,nothink,8×4K,8,4000,False,8589,85.4,False
Qwen3-4B,hard,nothink,8×8K,8,8000,False,9269,85.7,False
Qwen3-4B,hard,think,2×8K,2,8000,False,10158,90.8,False
Qwen3-4B,hard,nothink,16×1K,16,1000,False,11863,75.0,False
Qwen3-4B,hard,think,4×4K,4,4000,False,14101,84.6,False
Qwen3-4B,hard,nothink,16×2K,16,2000,False,15322,82.0,False
Qwen3-4B,hard,think,8×2K,8,2000,False,15994,71.0,False
Qwen3-4B,hard,think,16×1K,16,1000,False,16302,49.4,False
Qwen3-4B,hard,nothink,16×4K,16,4000,False,17177,85.7,False
Qwen3-4B,hard,nothink,16×8K,16,8000,False,18538,86.8,False
Qwen3-4B,hard,think,4×8K,4,8000,False,20316,92.4,True
Qwen3-4B,hard,think,8×4K,8,4000,False,28202,86.1,False
Qwen3-4B,hard,think,16×2K,16,2000,False,31988,70.9,False
Qwen3-4B,hard,think,8×8K,8,8000,False,40632,92.8,True
Qwen3-4B,hard,think,16×4K,16,4000,False,56405,86.0,False
Qwen3-4B,hard,think,16×8K,16,8000,False,81265,93.0,True
Qwen3-4B,all,nothink,1×500,1,500,False,413,66.0,True
Qwen3-4B,all,think,1×500,1,500,False,517,50.4,False
Qwen3-4B,all,nothink,1×1K,1,1000,False,561,81.5,True
Qwen3-4B,all,nothink,1×2K,1,2000,False,668,85.8,True
Qwen3-4B,all,nothink,1×4K,1,4000,False,722,87.4,True
Qwen3-4B,all,nothink,1×8K,1,8000,True,761,87.5,True
Qwen3-4B,all,nothink,2×500,2,500,False,825,66.0,False
Qwen3-4B,all,think,1×1K,1,1000,False,1016,68.9,False
Qwen3-4B,all,think,2×500,2,500,False,1035,50.4,False
Qwen3-4B,all,nothink,2×1K,2,1000,False,1123,81.6,False
Qwen3-4B,all,nothink,2×2K,2,2000,False,1335,85.8,False
Qwen3-4B,all,nothink,2×4K,2,4000,True,1444,87.4,False
Qwen3-4B,all,nothink,2×8K,2,8000,False,1522,87.5,False
Qwen3-4B,all,nothink,4×500,4,500,False,1650,68.4,False
Qwen3-4B,all,think,1×2K,1,2000,False,1913,82.5,False
Qwen3-4B,all,think,2×1K,2,1000,False,2033,68.9,False
Qwen3-4B,all,think,4×500,4,500,False,2069,51.6,False
Qwen3-4B,all,nothink,4×1K,4,1000,False,2246,84.3,False
Qwen3-4B,all,nothink,4×2K,4,2000,True,2670,88.7,True
Qwen3-4B,all,nothink,4×4K,4,4000,False,2888,90.5,True
Qwen3-4B,all,think,1×4K,1,4000,False,2975,90.4,False
Qwen3-4B,all,nothink,4×8K,4,8000,False,3045,90.6,True
Qwen3-4B,all,nothink,8×500,8,500,False,3301,69.7,False
Qwen3-4B,all,think,2×2K,2,2000,False,3827,82.5,False
Qwen3-4B,all,think,1×8K,1,8000,True,3830,94.7,True
Qwen3-4B,all,think,4×1K,4,1000,False,4065,71.3,False
Qwen3-4B,all,think,8×500,8,500,False,4139,52.4,False
Qwen3-4B,all,nothink,8×1K,8,1000,True,4492,85.9,False
Qwen3-4B,all,nothink,8×2K,8,2000,False,5341,90.4,False
Qwen3-4B,all,nothink,8×4K,8,4000,False,5777,92.2,False
Qwen3-4B,all,think,2×4K,2,4000,True,5951,90.4,False
Qwen3-4B,all,nothink,8×8K,8,8000,False,6089,92.3,False
Qwen3-4B,all,nothink,16×500,16,500,True,6602,70.0,False
Qwen3-4B,all,think,4×2K,4,2000,True,7653,84.5,False
Qwen3-4B,all,think,2×8K,2,8000,False,7659,94.7,False
Qwen3-4B,all,think,8×1K,8,1000,True,8130,72.3,False
Qwen3-4B,all,think,16×500,16,500,True,8277,53.3,False
Qwen3-4B,all,nothink,16×1K,16,1000,False,8983,86.5,False
Qwen3-4B,all,nothink,16×2K,16,2000,False,10682,90.7,False
Qwen3-4B,all,nothink,16×4K,16,4000,False,11554,92.2,False
Qwen3-4B,all,think,4×4K,4,4000,False,11902,92.1,False
Qwen3-4B,all,nothink,16×8K,16,8000,False,12179,92.6,False
Qwen3-4B,all,think,8×2K,8,2000,False,15306,85.1,False
Qwen3-4B,all,think,4×8K,4,8000,False,15319,95.5,True
Qwen3-4B,all,think,16×1K,16,1000,False,16261,72.8,False
Qwen3-4B,all,think,8×4K,8,4000,False,23804,92.6,False
Qwen3-4B,all,think,16×2K,16,2000,False,30612,85.1,False
Qwen3-4B,all,think,8×8K,8,8000,False,30638,95.7,True
Qwen3-4B,all,think,16×4K,16,4000,False,47608,92.6,False
Qwen3-4B,all,think,16×8K,16,8000,False,61275,95.8,True
