model,mode,difficulty,budget B,N,L,config,maj@N,maj@N lo,maj@N hi,Δ vs 1×B,Δ vs 1×B lo,Δ vs 1×B hi,p,tokens measured
Qwen3-1.7B,think,easy,500,1,500,1×500,72.2,64.3,79.7,0.0,0.0,0.0,,510
Qwen3-1.7B,think,easy,1000,1,1000,1×1K,87.9,82.3,93.0,0.0,0.0,0.0,,1009
Qwen3-1.7B,think,easy,1000,2,500,2×500,72.2,64.3,79.7,-15.7,-21.5,-10.2,0.0,1020
Qwen3-1.7B,think,easy,2000,1,2000,1×2K,90.7,85.6,95.0,0.0,0.0,0.0,,1788
Qwen3-1.7B,think,easy,2000,2,1000,2×1K,87.9,82.3,93.0,-2.8,-5.0,-0.8,0.007,2018
Qwen3-1.7B,think,easy,2000,4,500,4×500,74.2,66.1,82.2,-16.5,-23.7,-9.5,0.0,2039
Qwen3-1.7B,think,easy,4000,1,4000,1×4K,95.4,91.4,98.5,0.0,0.0,0.0,,2407
Qwen3-1.7B,think,easy,4000,2,2000,2×2K,90.7,85.6,95.0,-4.7,-7.3,-2.5,0.0,3576
Qwen3-1.7B,think,easy,4000,4,1000,4×1K,90.5,84.9,95.4,-5.0,-8.6,-1.8,0.0,4035
Qwen3-1.7B,think,easy,4000,8,500,8×500,74.9,66.3,83.1,-20.5,-28.4,-13.0,0.0,4079
Qwen3-1.7B,think,easy,8000,1,8000,1×8K,96.7,93.2,99.3,0.0,0.0,0.0,,2735
Qwen3-1.7B,think,easy,8000,2,4000,2×4K,95.4,91.4,98.5,-1.3,-2.5,-0.4,0.0,4815
Qwen3-1.7B,think,easy,8000,4,2000,4×2K,92.7,87.5,97.0,-4.1,-7.4,-1.2,0.001,7152
Qwen3-1.7B,think,easy,8000,8,1000,8×1K,91.1,85.4,96.2,-5.6,-10.0,-1.8,0.001,8070
Qwen3-1.7B,think,easy,8000,16,500,16×500,75.0,66.3,83.7,-21.7,-30.1,-13.7,0.0,8157
Qwen3-1.7B,think,medium,500,1,500,1×500,54.9,42.3,67.4,0.0,0.0,0.0,,514
Qwen3-1.7B,think,medium,1000,1,1000,1×1K,74.9,63.5,85.3,0.0,0.0,0.0,,1013
Qwen3-1.7B,think,medium,1000,2,500,2×500,54.9,42.3,67.4,-19.9,-29.4,-11.5,0.0,1028
Qwen3-1.7B,think,medium,2000,1,2000,1×2K,82.3,72.7,90.4,0.0,0.0,0.0,,1925
Qwen3-1.7B,think,medium,2000,2,1000,2×1K,74.9,63.5,85.3,-7.4,-14.1,-2.0,0.006,2026
Qwen3-1.7B,think,medium,2000,4,500,4×500,57.0,43.4,70.4,-25.2,-36.6,-15.5,0.0,2056
Qwen3-1.7B,think,medium,4000,1,4000,1×4K,90.3,83.0,96.5,0.0,0.0,0.0,,2908
Qwen3-1.7B,think,medium,4000,2,2000,2×2K,82.3,72.7,90.4,-8.0,-13.7,-3.8,0.0,3850
Qwen3-1.7B,think,medium,4000,4,1000,4×1K,77.1,65.4,88.2,-13.1,-22.1,-5.4,0.0,4052
Qwen3-1.7B,think,medium,4000,8,500,8×500,58.5,44.1,72.1,-31.8,-44.3,-20.2,0.0,4113
Qwen3-1.7B,think,medium,8000,1,8000,1×8K,92.3,86.2,97.1,0.0,0.0,0.0,,3789
Qwen3-1.7B,think,medium,8000,2,4000,2×4K,90.3,83.0,96.5,-2.0,-4.7,0.0,0.072,5816
Qwen3-1.7B,think,medium,8000,4,2000,4×2K,86.0,76.2,94.3,-6.3,-12.5,-1.2,0.008,7700
Qwen3-1.7B,think,medium,8000,8,1000,8×1K,77.0,65.3,88.5,-15.3,-25.0,-6.8,0.0,8103
Qwen3-1.7B,think,medium,8000,16,500,16×500,59.3,45.3,73.3,-33.0,-45.6,-20.9,0.0,8226
Qwen3-1.7B,think,hard,500,1,500,1×500,20.9,13.8,28.4,0.0,0.0,0.0,,517
Qwen3-1.7B,think,hard,1000,1,1000,1×1K,46.9,38.4,55.8,0.0,0.0,0.0,,1016
Qwen3-1.7B,think,hard,1000,2,500,2×500,20.9,13.8,28.4,-26.0,-33.5,-18.9,0.0,1033
Qwen3-1.7B,think,hard,2000,1,2000,1×2K,60.6,51.5,69.4,0.0,0.0,0.0,,1996
Qwen3-1.7B,think,hard,2000,2,1000,2×1K,46.9,38.4,55.8,-13.7,-19.0,-8.9,0.0,2032
Qwen3-1.7B,think,hard,2000,4,500,4×500,22.3,14.6,30.4,-38.3,-47.4,-29.3,0.0,2066
Qwen3-1.7B,think,hard,4000,1,4000,1×4K,73.4,66.1,80.5,0.0,0.0,0.0,,3519
Qwen3-1.7B,think,hard,4000,2,2000,2×2K,60.6,51.5,69.4,-12.8,-17.7,-8.2,0.0,3991
Qwen3-1.7B,think,hard,4000,4,1000,4×1K,50.3,41.4,59.6,-23.1,-30.1,-16.5,0.0,4065
Qwen3-1.7B,think,hard,4000,8,500,8×500,22.9,14.9,31.2,-50.5,-59.6,-41.4,0.0,4133
Qwen3-1.7B,think,hard,8000,1,8000,1×8K,82.8,76.6,88.4,0.0,0.0,0.0,,5243
Qwen3-1.7B,think,hard,8000,2,4000,2×4K,73.4,66.1,80.5,-9.4,-13.1,-6.0,0.0,7038
Qwen3-1.7B,think,hard,8000,4,2000,4×2K,64.7,55.1,74.2,-18.2,-25.3,-11.5,0.0,7983
Qwen3-1.7B,think,hard,8000,8,1000,8×1K,51.6,42.2,61.3,-31.3,-39.7,-23.2,0.0,8129
Qwen3-1.7B,think,hard,8000,16,500,16×500,23.3,15.1,32.6,-59.6,-68.7,-49.9,0.0,8266
Qwen3-1.7B,think,all,500,1,500,1×500,48.2,43.4,53.5,0.0,0.0,0.0,,513
Qwen3-1.7B,think,all,1000,1,1000,1×1K,68.9,64.1,73.5,0.0,0.0,0.0,,1013
Qwen3-1.7B,think,all,1000,2,500,2×500,48.2,43.4,53.5,-20.7,-25.0,-16.6,0.0,1027
Qwen3-1.7B,think,all,2000,1,2000,1×2K,77.0,72.4,81.3,0.0,0.0,0.0,,1898
Qwen3-1.7B,think,all,2000,2,1000,2×1K,68.9,64.1,73.5,-8.1,-10.7,-5.6,0.0,2025
Qwen3-1.7B,think,all,2000,4,500,4×500,50.0,44.9,55.5,-27.0,-32.2,-22.0,0.0,2054
Qwen3-1.7B,think,all,4000,1,4000,1×4K,85.6,82.0,89.0,0.0,0.0,0.0,,2952
Qwen3-1.7B,think,all,4000,2,2000,2×2K,77.0,72.4,81.3,-8.6,-11.1,-6.3,0.0,3797
Qwen3-1.7B,think,all,4000,4,1000,4×1K,71.7,66.8,76.7,-13.9,-17.5,-10.4,0.0,4050
Qwen3-1.7B,think,all,4000,8,500,8×500,50.8,45.5,56.3,-34.8,-40.1,-29.2,0.0,4107
Qwen3-1.7B,think,all,8000,1,8000,1×8K,90.3,87.2,93.1,0.0,0.0,0.0,,3949
Qwen3-1.7B,think,all,8000,2,4000,2×4K,85.6,82.0,89.0,-4.7,-6.3,-3.1,0.0,5904
Qwen3-1.7B,think,all,8000,4,2000,4×2K,80.1,75.4,84.7,-10.2,-13.6,-7.0,0.0,7594
Qwen3-1.7B,think,all,8000,8,1000,8×1K,72.5,67.3,77.5,-17.8,-21.9,-13.6,0.0,8100
Qwen3-1.7B,think,all,8000,16,500,16×500,51.2,45.6,57.0,-39.1,-44.6,-33.3,0.0,8214
Qwen3-1.7B,nothink,easy,500,1,500,1×500,83.6,77.0,89.6,0.0,0.0,0.0,,337
Qwen3-1.7B,nothink,easy,1000,1,1000,1×1K,88.7,83.5,93.5,0.0,0.0,0.0,,389
Qwen3-1.7B,nothink,easy,1000,2,500,2×500,83.6,77.0,89.6,-5.2,-9.2,-1.7,0.004,674
Qwen3-1.7B,nothink,easy,2000,1,2000,1×2K,89.4,84.1,94.1,0.0,0.0,0.0,,403
Qwen3-1.7B,nothink,easy,2000,2,1000,2×1K,88.8,83.5,93.5,-0.6,-1.4,0.1,0.103,777
Qwen3-1.7B,nothink,easy,2000,4,500,4×500,85.6,78.6,91.7,-3.8,-8.5,0.2,0.062,1348
Qwen3-1.7B,nothink,easy,4000,1,4000,1×4K,89.4,84.1,94.1,0.0,0.0,0.0,,403
Qwen3-1.7B,nothink,easy,4000,2,2000,2×2K,89.4,84.1,94.1,0.0,0.0,0.0,1.0,806
Qwen3-1.7B,nothink,easy,4000,4,1000,4×1K,90.5,84.7,95.4,1.2,0.1,2.2,0.028,1554
Qwen3-1.7B,nothink,easy,4000,8,500,8×500,86.1,79.0,92.2,-3.3,-8.3,1.0,0.146,2696
Qwen3-1.7B,nothink,easy,8000,1,8000,1×8K,89.4,84.1,94.1,0.0,0.0,0.0,,403
Qwen3-1.7B,nothink,easy,8000,2,4000,2×4K,89.4,84.1,94.1,0.0,0.0,0.0,1.0,807
Qwen3-1.7B,nothink,easy,8000,4,2000,4×2K,90.8,85.0,95.6,1.4,0.3,2.5,0.014,1613
Qwen3-1.7B,nothink,easy,8000,8,1000,8×1K,91.0,84.8,95.9,1.6,0.0,3.2,0.048,3108
Qwen3-1.7B,nothink,easy,8000,16,500,16×500,85.5,77.9,91.9,-3.9,-9.3,0.7,0.117,5392
Qwen3-1.7B,nothink,medium,500,1,500,1×500,62.5,51.3,74.0,0.0,0.0,0.0,,397
Qwen3-1.7B,nothink,medium,1000,1,1000,1×1K,76.3,66.6,85.6,0.0,0.0,0.0,,525
Qwen3-1.7B,nothink,medium,1000,2,500,2×500,62.5,51.3,74.0,-13.8,-20.3,-8.1,0.0,795
Qwen3-1.7B,nothink,medium,2000,1,2000,1×2K,81.0,72.4,89.0,0.0,0.0,0.0,,625
Qwen3-1.7B,nothink,medium,2000,2,1000,2×1K,76.3,66.6,85.6,-4.6,-9.3,-0.9,0.006,1049
Qwen3-1.7B,nothink,medium,2000,4,500,4×500,65.1,52.8,77.5,-15.9,-25.0,-8.0,0.0,1590
Qwen3-1.7B,nothink,medium,4000,1,4000,1×4K,81.4,73.1,89.1,0.0,0.0,0.0,,702
Qwen3-1.7B,nothink,medium,4000,2,2000,2×2K,81.0,72.4,89.0,-0.4,-1.5,0.3,0.495,1250
Qwen3-1.7B,nothink,medium,4000,4,1000,4×1K,80.2,70.2,89.7,-1.2,-6.1,3.2,0.649,2099
Qwen3-1.7B,nothink,medium,4000,8,500,8×500,65.6,52.4,78.5,-15.8,-25.7,-7.0,0.0,3180
Qwen3-1.7B,nothink,medium,8000,1,8000,1×8K,81.1,72.5,89.0,0.0,0.0,0.0,,736
Qwen3-1.7B,nothink,medium,8000,2,4000,2×4K,81.4,73.1,89.1,0.3,0.0,0.9,0.732,1403
Qwen3-1.7B,nothink,medium,8000,4,2000,4×2K,85.6,77.0,93.5,4.5,2.3,6.9,0.0,2500
Qwen3-1.7B,nothink,medium,8000,8,1000,8×1K,82.1,71.8,91.4,1.0,-4.0,5.8,0.668,4198
Qwen3-1.7B,nothink,medium,8000,16,500,16×500,65.1,51.2,79.1,-16.0,-27.0,-5.8,0.002,6360
Qwen3-1.7B,nothink,hard,500,1,500,1×500,36.1,28.5,44.8,0.0,0.0,0.0,,475
Qwen3-1.7B,nothink,hard,1000,1,1000,1×1K,56.9,48.7,65.7,0.0,0.0,0.0,,717
Qwen3-1.7B,nothink,hard,1000,2,500,2×500,36.2,28.5,44.8,-20.8,-27.5,-14.3,0.0,950
Qwen3-1.7B,nothink,hard,2000,1,2000,1×2K,62.5,54.5,70.8,0.0,0.0,0.0,,922
Qwen3-1.7B,nothink,hard,2000,2,1000,2×1K,56.9,48.7,65.7,-5.6,-9.2,-2.5,0.0,1434
Qwen3-1.7B,nothink,hard,2000,4,500,4×500,39.8,31.4,49.3,-22.7,-30.6,-15.3,0.0,1899
Qwen3-1.7B,nothink,hard,4000,1,4000,1×4K,63.8,55.9,71.9,0.0,0.0,0.0,,1046
Qwen3-1.7B,nothink,hard,4000,2,2000,2×2K,62.5,54.5,70.8,-1.3,-2.6,-0.2,0.024,1845
Qwen3-1.7B,nothink,hard,4000,4,1000,4×1K,60.5,51.9,69.8,-3.3,-7.8,0.6,0.107,2867
Qwen3-1.7B,nothink,hard,4000,8,500,8×500,41.9,32.8,51.6,-21.9,-30.3,-14.1,0.0,3798
Qwen3-1.7B,nothink,hard,8000,1,8000,1×8K,63.8,55.9,71.9,0.0,0.0,0.0,,1126
Qwen3-1.7B,nothink,hard,8000,2,4000,2×4K,63.8,55.9,71.9,0.0,0.0,0.0,1.0,2091
Qwen3-1.7B,nothink,hard,8000,4,2000,4×2K,66.2,57.8,74.9,2.4,0.4,4.3,0.015,3689
Qwen3-1.7B,nothink,hard,8000,8,1000,8×1K,62.5,53.5,72.2,-1.3,-6.4,3.6,0.622,5735
Qwen3-1.7B,nothink,hard,8000,16,500,16×500,42.1,32.6,52.3,-21.8,-30.6,-13.0,0.0,7596
Qwen3-1.7B,nothink,all,500,1,500,1×500,60.4,55.7,65.1,0.0,0.0,0.0,,404
Qwen3-1.7B,nothink,all,1000,1,1000,1×1K,73.5,69.2,77.8,0.0,0.0,0.0,,547
Qwen3-1.7B,nothink,all,1000,2,500,2×500,60.4,55.7,65.1,-13.1,-16.4,-10.0,0.0,808
Qwen3-1.7B,nothink,all,2000,1,2000,1×2K,76.9,72.8,81.2,0.0,0.0,0.0,,655
Qwen3-1.7B,nothink,all,2000,2,1000,2×1K,73.6,69.2,77.9,-3.4,-5.1,-1.8,0.0,1094
Qwen3-1.7B,nothink,all,2000,4,500,4×500,63.2,58.1,68.3,-13.8,-17.6,-9.9,0.0,1617
Qwen3-1.7B,nothink,all,4000,1,4000,1×4K,77.6,73.4,81.8,0.0,0.0,0.0,,720
Qwen3-1.7B,nothink,all,4000,2,2000,2×2K,76.9,72.8,81.2,-0.6,-1.2,-0.1,0.017,1310
Qwen3-1.7B,nothink,all,4000,4,1000,4×1K,76.5,71.8,81.2,-1.1,-3.0,0.9,0.264,2188
Qwen3-1.7B,nothink,all,4000,8,500,8×500,64.3,58.8,69.6,-13.3,-17.3,-9.1,0.0,3233
Qwen3-1.7B,nothink,all,8000,1,8000,1×8K,77.5,73.4,81.8,0.0,0.0,0.0,,759
Qwen3-1.7B,nothink,all,8000,2,4000,2×4K,77.6,73.4,81.8,0.1,0.0,0.2,0.732,1440
Qwen3-1.7B,nothink,all,8000,4,2000,4×2K,79.9,75.5,84.3,2.4,1.4,3.5,0.0,2621
Qwen3-1.7B,nothink,all,8000,8,1000,8×1K,77.8,72.9,82.8,0.3,-2.1,2.6,0.748,4377
Qwen3-1.7B,nothink,all,8000,16,500,16×500,64.0,58.1,69.8,-13.5,-18.0,-9.0,0.0,6467
Qwen3-4B,think,easy,500,1,500,1×500,72.3,64.4,80.5,0.0,0.0,0.0,,515
Qwen3-4B,think,easy,1000,1,1000,1×1K,86.0,79.6,91.5,0.0,0.0,0.0,,1014
Qwen3-4B,think,easy,1000,2,500,2×500,72.3,64.4,80.5,-13.7,-19.4,-8.3,0.0,1030
Qwen3-4B,think,easy,2000,1,2000,1×2K,94.0,89.8,97.5,0.0,0.0,0.0,,1824
Qwen3-4B,think,easy,2000,2,1000,2×1K,86.0,79.6,91.5,-8.1,-12.2,-4.5,0.0,2028
Qwen3-4B,think,easy,2000,4,500,4×500,74.4,66.3,82.8,-19.6,-26.8,-12.6,0.0,2060
Qwen3-4B,think,easy,4000,1,4000,1×4K,97.1,93.6,99.8,0.0,0.0,0.0,,2455
Qwen3-4B,think,easy,4000,2,2000,2×2K,94.0,89.8,97.5,-3.1,-5.5,-1.1,0.0,3649
Qwen3-4B,think,easy,4000,4,1000,4×1K,88.1,81.8,93.6,-9.0,-14.5,-4.5,0.0,4055
Qwen3-4B,think,easy,4000,8,500,8×500,75.8,67.6,84.3,-21.3,-29.4,-13.6,0.0,4119
Qwen3-4B,think,easy,8000,1,8000,1×8K,97.9,95.3,100.0,0.0,0.0,0.0,,2666
Qwen3-4B,think,easy,8000,2,4000,2×4K,97.1,93.6,99.8,-0.8,-1.7,-0.1,0.009,4910
Qwen3-4B,think,easy,8000,4,2000,4×2K,95.3,91.1,98.7,-2.6,-5.6,-0.4,0.015,7298
Qwen3-4B,think,easy,8000,8,1000,8×1K,89.0,82.5,94.8,-8.8,-14.5,-4.0,0.0,8111
Qwen3-4B,think,easy,8000,16,500,16×500,76.6,68.2,85.3,-21.3,-29.5,-13.4,0.0,8238
Qwen3-4B,think,medium,500,1,500,1×500,55.5,42.4,68.3,0.0,0.0,0.0,,517
Qwen3-4B,think,medium,1000,1,1000,1×1K,79.9,69.3,89.2,0.0,0.0,0.0,,1016
Qwen3-4B,think,medium,1000,2,500,2×500,55.5,42.4,68.3,-24.4,-33.1,-15.8,0.0,1034
Qwen3-4B,think,medium,2000,1,2000,1×2K,89.0,80.8,95.5,0.0,0.0,0.0,,1919
Qwen3-4B,think,medium,2000,2,1000,2×1K,79.9,69.3,89.2,-9.0,-15.6,-3.6,0.0,2032
Qwen3-4B,think,medium,2000,4,500,4×500,57.3,43.9,70.2,-31.7,-43.5,-20.2,0.0,2069
Qwen3-4B,think,medium,4000,1,4000,1×4K,95.6,90.0,99.6,0.0,0.0,0.0,,2917
Qwen3-4B,think,medium,4000,2,2000,2×2K,89.0,80.8,95.5,-6.7,-12.2,-2.0,0.0,3838
Qwen3-4B,think,medium,4000,4,1000,4×1K,82.2,71.3,91.4,-13.5,-23.0,-5.1,0.0,4064
Qwen3-4B,think,medium,4000,8,500,8×500,59.4,45.6,73.1,-36.3,-50.4,-22.8,0.0,4138
Qwen3-4B,think,medium,8000,1,8000,1×8K,96.4,90.7,100.0,0.0,0.0,0.0,,3658
Qwen3-4B,think,medium,8000,2,4000,2×4K,95.6,90.0,99.6,-0.7,-3.3,1.2,0.611,5834
Qwen3-4B,think,medium,8000,4,2000,4×2K,91.2,83.3,97.5,-5.1,-12.4,0.7,0.093,7676
Qwen3-4B,think,medium,8000,8,1000,8×1K,83.2,72.2,92.5,-13.2,-23.8,-3.5,0.004,8129
Qwen3-4B,think,medium,8000,16,500,16×500,62.4,48.1,76.4,-34.0,-48.4,-19.3,0.0,8276
Qwen3-4B,think,hard,500,1,500,1×500,26.0,17.8,34.8,0.0,0.0,0.0,,520
Qwen3-4B,think,hard,1000,1,1000,1×1K,46.4,37.8,55.3,0.0,0.0,0.0,,1019
Qwen3-4B,think,hard,1000,2,500,2×500,26.0,17.8,34.8,-20.3,-27.3,-14.4,0.0,1040
Qwen3-4B,think,hard,2000,1,2000,1×2K,67.7,58.9,76.2,0.0,0.0,0.0,,1999
Qwen3-4B,think,hard,2000,2,1000,2×1K,46.4,37.8,55.3,-21.3,-27.9,-15.1,0.0,2038
Qwen3-4B,think,hard,2000,4,500,4×500,26.0,17.4,35.0,-41.7,-51.1,-32.2,0.0,2079
Qwen3-4B,think,hard,4000,1,4000,1×4K,81.2,74.4,87.5,0.0,0.0,0.0,,3525
Qwen3-4B,think,hard,4000,2,2000,2×2K,67.7,58.9,76.2,-13.5,-18.8,-8.0,0.0,3999
Qwen3-4B,think,hard,4000,4,1000,4×1K,49.0,40.2,58.3,-32.2,-39.9,-24.5,0.0,4075
Qwen3-4B,think,hard,4000,8,500,8×500,25.7,16.7,34.9,-55.5,-65.0,-46.2,0.0,4159
Qwen3-4B,think,hard,8000,1,8000,1×8K,90.8,85.4,95.3,0.0,0.0,0.0,,5079
Qwen3-4B,think,hard,8000,2,4000,2×4K,81.2,74.4,87.5,-9.6,-14.2,-5.4,0.0,7051
Qwen3-4B,think,hard,8000,4,2000,4×2K,70.3,61.3,79.3,-20.5,-28.9,-12.1,0.0,7997
Qwen3-4B,think,hard,8000,8,1000,8×1K,50.1,41.0,59.9,-40.6,-49.8,-30.9,0.0,8151
Qwen3-4B,think,hard,8000,16,500,16×500,25.6,16.3,34.9,-65.2,-74.9,-54.8,0.0,8317
Qwen3-4B,think,all,500,1,500,1×500,50.4,45.1,55.8,0.0,0.0,0.0,,517
Qwen3-4B,think,all,1000,1,1000,1×1K,68.9,64.4,73.4,0.0,0.0,0.0,,1016
Qwen3-4B,think,all,1000,2,500,2×500,50.4,45.1,55.8,-18.5,-22.4,-14.7,0.0,1035
Qwen3-4B,think,all,2000,1,2000,1×2K,82.5,78.4,86.5,0.0,0.0,0.0,,1913
Qwen3-4B,think,all,2000,2,1000,2×1K,68.9,64.4,73.4,-13.5,-16.9,-10.4,0.0,2033
Qwen3-4B,think,all,2000,4,500,4×500,51.6,46.1,57.2,-30.8,-36.4,-25.4,0.0,2069
Qwen3-4B,think,all,4000,1,4000,1×4K,90.4,87.2,93.3,0.0,0.0,0.0,,2975
Qwen3-4B,think,all,4000,2,2000,2×2K,82.5,78.4,86.5,-8.0,-10.5,-5.5,0.0,3827
Qwen3-4B,think,all,4000,4,1000,4×1K,71.3,66.4,75.9,-19.2,-23.2,-15.3,0.0,4065
Qwen3-4B,think,all,4000,8,500,8×500,52.4,46.7,58.1,-38.0,-44.1,-32.3,0.0,4139
Qwen3-4B,think,all,8000,1,8000,1×8K,94.7,92.1,97.0,0.0,0.0,0.0,,3830
Qwen3-4B,think,all,8000,2,4000,2×4K,90.4,87.2,93.3,-4.3,-6.2,-2.6,0.0,5951
Qwen3-4B,think,all,8000,4,2000,4×2K,84.5,80.3,88.5,-10.3,-13.9,-6.5,0.0,7653
Qwen3-4B,think,all,8000,8,1000,8×1K,72.3,67.3,77.2,-22.4,-27.2,-17.8,0.0,8130
Qwen3-4B,think,all,8000,16,500,16×500,53.3,47.4,59.1,-41.4,-47.6,-35.2,0.0,8277
Qwen3-4B,nothink,easy,500,1,500,1×500,87.3,81.7,92.1,0.0,0.0,0.0,,348
Qwen3-4B,nothink,easy,1000,1,1000,1×1K,94.3,90.3,97.3,0.0,0.0,0.0,,399
Qwen3-4B,nothink,easy,1000,2,500,2×500,87.3,81.7,92.1,-7.0,-11.3,-3.4,0.0,697
Qwen3-4B,nothink,easy,2000,1,2000,1×2K,94.6,90.9,97.6,0.0,0.0,0.0,,413
Qwen3-4B,nothink,easy,2000,2,1000,2×1K,94.3,90.3,97.3,-0.4,-0.9,0.1,0.135,799
Qwen3-4B,nothink,easy,2000,4,500,4×500,89.1,83.6,93.8,-5.5,-9.9,-1.8,0.005,1393
Qwen3-4B,nothink,easy,4000,1,4000,1×4K,94.6,90.9,97.6,0.0,0.0,0.0,,417
Qwen3-4B,nothink,easy,4000,2,2000,2×2K,94.6,90.9,97.6,0.0,0.0,0.0,1.0,826
Qwen3-4B,nothink,easy,4000,4,1000,4×1K,95.6,92.0,98.4,0.9,0.2,1.9,0.022,1597
Qwen3-4B,nothink,easy,4000,8,500,8×500,90.4,85.0,95.1,-4.2,-8.6,-0.1,0.037,2786
Qwen3-4B,nothink,easy,8000,1,8000,1×8K,94.6,90.9,97.6,0.0,0.0,0.0,,420
Qwen3-4B,nothink,easy,8000,2,4000,2×4K,94.6,90.9,97.6,0.0,0.0,0.0,1.0,835
Qwen3-4B,nothink,easy,8000,4,2000,4×2K,95.8,92.3,98.5,1.1,0.4,2.0,0.0,1653
Qwen3-4B,nothink,easy,8000,8,1000,8×1K,96.1,92.5,99.0,1.5,0.0,3.3,0.044,3195
Qwen3-4B,nothink,easy,8000,16,500,16×500,90.7,84.9,96.5,-3.9,-9.2,0.8,0.118,5573
Qwen3-4B,nothink,medium,500,1,500,1×500,73.3,61.8,84.0,0.0,0.0,0.0,,402
Qwen3-4B,nothink,medium,1000,1,1000,1×1K,88.7,80.8,95.5,0.0,0.0,0.0,,526
Qwen3-4B,nothink,medium,1000,2,500,2×500,73.3,61.8,84.0,-15.4,-23.9,-7.7,0.0,805
Qwen3-4B,nothink,medium,2000,1,2000,1×2K,94.5,88.9,98.3,0.0,0.0,0.0,,596
Qwen3-4B,nothink,medium,2000,2,1000,2×1K,88.7,80.8,95.5,-5.8,-12.2,-1.2,0.008,1051
Qwen3-4B,nothink,medium,2000,4,500,4×500,76.5,64.7,87.5,-18.0,-29.5,-8.0,0.0,1609
Qwen3-4B,nothink,medium,4000,1,4000,1×4K,94.8,89.2,98.4,0.0,0.0,0.0,,629
Qwen3-4B,nothink,medium,4000,2,2000,2×2K,94.5,88.9,98.3,-0.3,-0.7,0.0,0.238,1193
Qwen3-4B,nothink,medium,4000,4,1000,4×1K,91.3,83.0,97.9,-3.4,-9.9,1.5,0.212,2103
Qwen3-4B,nothink,medium,4000,8,500,8×500,77.5,64.9,88.6,-17.3,-29.3,-6.8,0.0,3218
Qwen3-4B,nothink,medium,8000,1,8000,1×8K,94.8,89.2,98.4,0.0,0.0,0.0,,648
Qwen3-4B,nothink,medium,8000,2,4000,2×4K,94.8,89.2,98.4,0.0,0.0,0.0,1.0,1257
Qwen3-4B,nothink,medium,8000,4,2000,4×2K,97.2,92.0,99.9,2.4,1.0,4.0,0.0,2386
Qwen3-4B,nothink,medium,8000,8,1000,8×1K,92.1,84.0,98.3,-2.7,-9.5,2.5,0.361,4206
Qwen3-4B,nothink,medium,8000,16,500,16×500,79.1,67.4,90.7,-15.7,-28.2,-5.1,0.001,6437
Qwen3-4B,nothink,hard,500,1,500,1×500,41.0,32.6,50.0,0.0,0.0,0.0,,482
Qwen3-4B,nothink,hard,1000,1,1000,1×1K,65.3,56.8,73.8,0.0,0.0,0.0,,741
Qwen3-4B,nothink,hard,1000,2,500,2×500,41.0,32.6,50.1,-24.2,-31.8,-17.1,0.0,964
Qwen3-4B,nothink,hard,2000,1,2000,1×2K,72.7,65.6,80.3,0.0,0.0,0.0,,958
Qwen3-4B,nothink,hard,2000,2,1000,2×1K,65.3,56.8,73.8,-7.5,-11.2,-4.1,0.0,1483
Qwen3-4B,nothink,hard,2000,4,500,4×500,43.6,34.6,53.0,-29.1,-37.4,-21.3,0.0,1928
Qwen3-4B,nothink,hard,4000,1,4000,1×4K,76.4,69.4,83.1,0.0,0.0,0.0,,1074
Qwen3-4B,nothink,hard,4000,2,2000,2×2K,72.7,65.6,80.3,-3.6,-6.6,-1.0,0.002,1915
Qwen3-4B,nothink,hard,4000,4,1000,4×1K,69.5,60.7,78.4,-6.9,-12.5,-1.6,0.006,2966
Qwen3-4B,nothink,hard,4000,8,500,8×500,45.1,35.6,54.9,-31.3,-40.3,-22.5,0.0,3857
Qwen3-4B,nothink,hard,8000,1,8000,1×8K,76.7,69.9,83.3,0.0,0.0,0.0,,1159
Qwen3-4B,nothink,hard,8000,2,4000,2×4K,76.4,69.4,83.1,-0.3,-0.7,0.0,0.087,2147
Qwen3-4B,nothink,hard,8000,4,2000,4×2K,77.5,70.0,84.8,0.8,-2.8,4.0,0.601,3830
Qwen3-4B,nothink,hard,8000,8,1000,8×1K,72.5,63.6,81.4,-4.1,-10.5,1.8,0.185,5931
Qwen3-4B,nothink,hard,8000,16,500,16×500,44.8,34.9,54.7,-31.9,-41.3,-22.7,0.0,7714
Qwen3-4B,nothink,all,500,1,500,1×500,66.0,61.4,70.6,0.0,0.0,0.0,,413
Qwen3-4B,nothink,all,1000,1,1000,1×1K,81.5,77.5,85.5,0.0,0.0,0.0,,561
Qwen3-4B,nothink,all,1000,2,500,2×500,66.0,61.4,70.7,-15.6,-19.2,-12.0,0.0,825
Qwen3-4B,nothink,all,2000,1,2000,1×2K,85.8,82.3,89.1,0.0,0.0,0.0,,668
Qwen3-4B,nothink,all,2000,2,1000,2×1K,81.6,77.5,85.5,-4.3,-6.1,-2.6,0.0,1123
Qwen3-4B,nothink,all,2000,4,500,4×500,68.4,63.5,73.2,-17.5,-21.8,-13.4,0.0,1650
Qwen3-4B,nothink,all,4000,1,4000,1×4K,87.4,84.1,90.3,0.0,0.0,0.0,,722
Qwen3-4B,nothink,all,4000,2,2000,2×2K,85.8,82.3,89.1,-1.5,-2.7,-0.5,0.001,1335
Qwen3-4B,nothink,all,4000,4,1000,4×1K,84.3,80.3,88.2,-3.1,-5.7,-0.7,0.007,2246
Qwen3-4B,nothink,all,4000,8,500,8×500,69.7,64.6,74.7,-17.6,-22.2,-13.2,0.0,3301
Qwen3-4B,nothink,all,8000,1,8000,1×8K,87.5,84.2,90.4,0.0,0.0,0.0,,761
Qwen3-4B,nothink,all,8000,2,4000,2×4K,87.4,84.1,90.3,-0.1,-0.3,0.0,0.087,1444
Qwen3-4B,nothink,all,8000,4,2000,4×2K,88.7,85.3,91.9,1.3,-0.2,2.6,0.09,2670
Qwen3-4B,nothink,all,8000,8,1000,8×1K,85.9,81.8,89.8,-1.6,-4.5,1.1,0.251,4492
Qwen3-4B,nothink,all,8000,16,500,16×500,70.0,64.7,75.1,-17.5,-22.3,-12.7,0.0,6602
